row_number,rule_name,severity,issue_type,event_id,session_id
0,Duplicate event_id,HIGH,Duplicate record,a3a65b03-93ce-414f-a817-ac9e9f4cebe2,2f0b1436-8697-41f1-a288-c0d8fcb512e6
3,Duplicate event_id,HIGH,Duplicate record,b97aa32c-f4d7-4e13-adaf-4fe2919d9f6a,7d75f6da-c30a-47cc-8cf6-abf4ff329b57
24,Duplicate event_id,HIGH,Duplicate record,b97aa32c-f4d7-4e13-adaf-4fe2919d9f6a,7d75f6da-c30a-47cc-8cf6-abf4ff329b57
29,Duplicate event_id,HIGH,Duplicate record,856e356e-84d1-4c2e-a7f9-af6ce2264338,1f2eae4b-d609-4d6d-aca7-1ac11f814278
51,Duplicate event_id,HIGH,Duplicate record,e831fae4-51a0-469e-a7c6-23e3d929ca75,11deaa9c-7892-4cc5-9483-7f2f02ccc096
54,Duplicate event_id,HIGH,Duplicate record,a88b4dd2-f907-4092-a138-48bce501e919,d43cd6fe-dfe5-4cb7-893d-4ad9c29d21d0
57,Duplicate event_id,HIGH,Duplicate record,eb106a8d-34fe-4139-83ac-f3ab430442a5,8cd896f5-5264-4cb6-b582-5253cf38aa11
77,Duplicate event_id,HIGH,Duplicate record,ecd053f8-11ec-4490-9f01-2e4200ca5757,c2b37eab-a4aa-459b-8f1c-04d149b09b53
80,Duplicate event_id,HIGH,Duplicate record,af15aca1-26b5-4b20-9ec2-9e64b31819d2,5528028b-7057-4a40-ba50-e829a6fd9b90
94,Duplicate event_id,HIGH,Duplicate record,2d49445e-007c-426e-b0d9-02e642b99db4,55cd83ba-289c-4e8f-9f75-cab51439b2a1
104,Duplicate event_id,HIGH,Duplicate record,fd965b5a-d13e-412a-a43f-4f2a54618061,f04c40b3-270c-4290-9ceb-c86b1dc3e691
106,Duplicate event_id,HIGH,Duplicate record,75a79105-165d-42db-ae0a-5b775f3edff1,95091c69-e513-4f8f-a9e0-55f9d6a09751
112,Duplicate event_id,HIGH,Duplicate record,a3a65b03-93ce-414f-a817-ac9e9f4cebe2,2f0b1436-8697-41f1-a288-c0d8fcb512e6
129,Duplicate event_id,HIGH,Duplicate record,a679dd73-1783-40c0-9e87-3d7800a9c461,5adc8db7-a721-45bd-bfc6-bd0dc5696671
137,Duplicate event_id,HIGH,Duplicate record,a486e184-ee59-4783-8cb3-b07e40a51ba8,dee9578c-89ba-46ed-912f-bd163ebf9dae
144,Duplicate event_id,HIGH,Duplicate record,e5fc718c-c383-4ea7-a7cb-f53285603ce7,4503bcf5-11d4-4534-b7a2-841c89fc84fd
145,Duplicate event_id,HIGH,Duplicate record,c3dc0e3e-f197-4cf1-87a6-229f4e956526,7d19ef1c-a02f-4088-8edc-24341a46e604
147,Duplicate event_id,HIGH,Duplicate record,d9e8b4ab-6dbf-4fa3-b94f-9732f8ebaa46,dd6868a5-a36f-446a-bc9d-6645756b9dae
186,Duplicate event_id,HIGH,Duplicate record,9aa9657a-1ae6-462b-9039-aadffbab36b7,47f50bcc-8964-4a33-8e25-e32b94dc2272
201,Duplicate event_id,HIGH,Duplicate record,a486e184-ee59-4783-8cb3-b07e40a51ba8,dee9578c-89ba-46ed-912f-bd163ebf9dae
206,Duplicate event_id,HIGH,Duplicate record,20cd648a-ebb4-4873-a7f4-065880b7e5bd,02aa29e0-973d-451b-9a72-69906cd9fdc8
210,Duplicate event_id,HIGH,Duplicate record,ce652389-ffa4-46cd-987a-435549b3e049,661002c1-24b7-4829-a370-b0e240a0d546
234,Duplicate event_id,HIGH,Duplicate record,04b5f8f8-b43f-49e4-8a48-29ac9ed4f5be,82ef415a-b913-47eb-96ec-1af2f8cecd34
242,Duplicate event_id,HIGH,Duplicate record,2d49445e-007c-426e-b0d9-02e642b99db4,55cd83ba-289c-4e8f-9f75-cab51439b2a1
249,Duplicate event_id,HIGH,Duplicate record,a7b49e35-135b-4320-8aad-b0caa5880ebc,ede341ea-d3e6-491a-ab22-e42bbdce7459
256,Duplicate event_id,HIGH,Duplicate record,9dc1cbaa-6fab-42f2-beae-d02f5a9ca485,1f518004-d4db-4846-9cd3-771aab7c1906
264,Duplicate event_id,HIGH,Duplicate record,ce652389-ffa4-46cd-987a-435549b3e049,661002c1-24b7-4829-a370-b0e240a0d546
283,Duplicate event_id,HIGH,Duplicate record,e5fc718c-c383-4ea7-a7cb-f53285603ce7,4503bcf5-11d4-4534-b7a2-841c89fc84fd
292,Duplicate event_id,HIGH,Duplicate record,ecd053f8-11ec-4490-9f01-2e4200ca5757,c2b37eab-a4aa-459b-8f1c-04d149b09b53
317,Duplicate event_id,HIGH,Duplicate record,64af17db-5957-424b-ab96-6d0efbc56cd4,34eee7ac-3ae8-4daf-8138-dc1caa32f062
325,Duplicate event_id,HIGH,Duplicate record,75a79105-165d-42db-ae0a-5b775f3edff1,95091c69-e513-4f8f-a9e0-55f9d6a09751
326,Duplicate event_id,HIGH,Duplicate record,1a703587-afc5-4c74-b303-07d0b90904e1,10546214-6854-47d9-87b4-ef68f196ff5e
331,Duplicate event_id,HIGH,Duplicate record,a7b49e35-135b-4320-8aad-b0caa5880ebc,ede341ea-d3e6-491a-ab22-e42bbdce7459
334,Duplicate event_id,HIGH,Duplicate record,265602eb-adc8-4aae-8ccf-c107f349daa9,568977d1-d3ba-41d8-9a43-c24c542ff3b3
340,Duplicate event_id,HIGH,Duplicate record,64af17db-5957-424b-ab96-6d0efbc56cd4,34eee7ac-3ae8-4daf-8138-dc1caa32f062
353,Duplicate event_id,HIGH,Duplicate record,e6724f4e-0146-485f-81f3-ec4a21bc7e5e,7acb7b04-f20d-4585-90e5-de8ef3a72b0b
365,Duplicate event_id,HIGH,Duplicate record,217c7e61-12b1-4a7e-9344-d10b9bb48990,4b6b32a6-0dc4-4cbf-9f49-6ce712a1b8f5
371,Duplicate event_id,HIGH,Duplicate record,04b5f8f8-b43f-49e4-8a48-29ac9ed4f5be,82ef415a-b913-47eb-96ec-1af2f8cecd34
372,Duplicate event_id,HIGH,Duplicate record,700df989-f6a0-4e83-b25d-d84b7e2d8458,945ed0c9-e121-4c30-9755-f3303d4603db
416,Duplicate event_id,HIGH,Duplicate record,e6724f4e-0146-485f-81f3-ec4a21bc7e5e,7acb7b04-f20d-4585-90e5-de8ef3a72b0b
428,Duplicate event_id,HIGH,Duplicate record,b1f6c4d4-48bb-41cd-bbe4-a036ae960fc2,bc1dd34e-e2b4-40a5-be33-17fcb448363d
432,Duplicate event_id,HIGH,Duplicate record,4a0d262f-37ba-4659-9535-cc7942a1ce32,91ca5769-55df-4f3f-bf66-5ed1ebf0f5fe
443,Duplicate event_id,HIGH,Duplicate record,4a0d262f-37ba-4659-9535-cc7942a1ce32,91ca5769-55df-4f3f-bf66-5ed1ebf0f5fe
448,Duplicate event_id,HIGH,Duplicate record,be2a0d00-139c-4d8c-a5b0-25304d546ce0,5cf15453-ab89-4b63-9865-7e340c15747d
463,Duplicate event_id,HIGH,Duplicate record,508aec74-a29b-421e-bc5a-9c40f2833b53,eff473e5-d827-4d62-8358-291c4347eea5
466,Duplicate event_id,HIGH,Duplicate record,856e356e-84d1-4c2e-a7f9-af6ce2264338,1f2eae4b-d609-4d6d-aca7-1ac11f814278
471,Duplicate event_id,HIGH,Duplicate record,72373e89-074d-4930-834c-e0f7e5f43c08,dd6868a5-a36f-446a-bc9d-6645756b9dae
482,Duplicate event_id,HIGH,Duplicate record,db88c723-a67d-4132-9a79-060a4b83baa4,11deaa9c-7892-4cc5-9483-7f2f02ccc096
508,Duplicate event_id,HIGH,Duplicate record,700df989-f6a0-4e83-b25d-d84b7e2d8458,945ed0c9-e121-4c30-9755-f3303d4603db
520,Duplicate event_id,HIGH,Duplicate record,d9e8b4ab-6dbf-4fa3-b94f-9732f8ebaa46,dd6868a5-a36f-446a-bc9d-6645756b9dae
536,Duplicate event_id,HIGH,Duplicate record,eb106a8d-34fe-4139-83ac-f3ab430442a5,8cd896f5-5264-4cb6-b582-5253cf38aa11
550,Duplicate event_id,HIGH,Duplicate record,fd965b5a-d13e-412a-a43f-4f2a54618061,f04c40b3-270c-4290-9ceb-c86b1dc3e691
561,Duplicate event_id,HIGH,Duplicate record,7ea0169b-226b-49b7-9156-cc657fb1ee0e,152c2e68-eaf4-4848-a1db-0001dc4bb379
572,Duplicate event_id,HIGH,Duplicate record,e831fae4-51a0-469e-a7c6-23e3d929ca75,11deaa9c-7892-4cc5-9483-7f2f02ccc096
577,Duplicate event_id,HIGH,Duplicate record,27ad9091-e24c-451c-8f15-e11cc414a64e,741c3404-9813-4d95-83bb-ad66a56bf881
578,Duplicate event_id,HIGH,Duplicate record,e876a84d-8f38-4ec1-8e8c-73a7918015ed,91ca5769-55df-4f3f-bf66-5ed1ebf0f5fe
621,Duplicate event_id,HIGH,Duplicate record,265602eb-adc8-4aae-8ccf-c107f349daa9,568977d1-d3ba-41d8-9a43-c24c542ff3b3
629,Duplicate event_id,HIGH,Duplicate record,a88b4dd2-f907-4092-a138-48bce501e919,d43cd6fe-dfe5-4cb7-893d-4ad9c29d21d0
646,Duplicate event_id,HIGH,Duplicate record,7ea0169b-226b-49b7-9156-cc657fb1ee0e,152c2e68-eaf4-4848-a1db-0001dc4bb379
663,Duplicate event_id,HIGH,Duplicate record,c3dc0e3e-f197-4cf1-87a6-229f4e956526,7d19ef1c-a02f-4088-8edc-24341a46e604
674,Duplicate event_id,HIGH,Duplicate record,e876a84d-8f38-4ec1-8e8c-73a7918015ed,91ca5769-55df-4f3f-bf66-5ed1ebf0f5fe
697,Duplicate event_id,HIGH,Duplicate record,a679dd73-1783-40c0-9e87-3d7800a9c461,5adc8db7-a721-45bd-bfc6-bd0dc5696671
706,Duplicate event_id,HIGH,Duplicate record,20cd648a-ebb4-4873-a7f4-065880b7e5bd,02aa29e0-973d-451b-9a72-69906cd9fdc8
713,Duplicate event_id,HIGH,Duplicate record,217c7e61-12b1-4a7e-9344-d10b9bb48990,4b6b32a6-0dc4-4cbf-9f49-6ce712a1b8f5
727,Duplicate event_id,HIGH,Duplicate record,5b990a73-0a7a-4740-ac4e-56012a0d14de,171923e7-bb5c-4723-9972-a2cdc04f06c8
762,Duplicate event_id,HIGH,Duplicate record,be2a0d00-139c-4d8c-a5b0-25304d546ce0,5cf15453-ab89-4b63-9865-7e340c15747d
773,Duplicate event_id,HIGH,Duplicate record,9aa9657a-1ae6-462b-9039-aadffbab36b7,47f50bcc-8964-4a33-8e25-e32b94dc2272
789,Duplicate event_id,HIGH,Duplicate record,e629e8b7-8cef-4081-87b0-8dfc8ee05835,1ffb0f4b-210a-4369-b076-fa9a4addfc23
790,Duplicate event_id,HIGH,Duplicate record,48248fe3-573e-4b7f-abfc-a512a96c1ca9,1614da80-8c78-4c8f-a6d8-370872e71a04
791,Duplicate event_id,HIGH,Duplicate record,e629e8b7-8cef-4081-87b0-8dfc8ee05835,1ffb0f4b-210a-4369-b076-fa9a4addfc23
796,Duplicate event_id,HIGH,Duplicate record,054b1179-edfc-4b6f-9391-596f3b2edade,8fc5573f-c966-4726-a6b5-1e7c3c67e559
806,Duplicate event_id,HIGH,Duplicate record,72373e89-074d-4930-834c-e0f7e5f43c08,dd6868a5-a36f-446a-bc9d-6645756b9dae
810,Duplicate event_id,HIGH,Duplicate record,80427119-cab7-4e2c-b786-4d2f44ec0419,26845409-3a21-4d0a-acb6-3181ce346624
834,Duplicate event_id,HIGH,Duplicate record,5b990a73-0a7a-4740-ac4e-56012a0d14de,171923e7-bb5c-4723-9972-a2cdc04f06c8
842,Duplicate event_id,HIGH,Duplicate record,143c6d0d-f04c-4dc3-b4c9-204bec1d4f5b,5cf15453-ab89-4b63-9865-7e340c15747d
861,Duplicate event_id,HIGH,Duplicate record,143c6d0d-f04c-4dc3-b4c9-204bec1d4f5b,5cf15453-ab89-4b63-9865-7e340c15747d
870,Duplicate event_id,HIGH,Duplicate record,508aec74-a29b-421e-bc5a-9c40f2833b53,eff473e5-d827-4d62-8358-291c4347eea5
880,Duplicate event_id,HIGH,Duplicate record,9dc1cbaa-6fab-42f2-beae-d02f5a9ca485,1f518004-d4db-4846-9cd3-771aab7c1906
882,Duplicate event_id,HIGH,Duplicate record,f66e6f2c-a6fe-42f0-83c4-08bd8733282b,bbe446d9-b2e1-4b26-8e7e-8353652941c8
888,Duplicate event_id,HIGH,Duplicate record,054b1179-edfc-4b6f-9391-596f3b2edade,8fc5573f-c966-4726-a6b5-1e7c3c67e559
913,Duplicate event_id,HIGH,Duplicate record,db88c723-a67d-4132-9a79-060a4b83baa4,11deaa9c-7892-4cc5-9483-7f2f02ccc096
921,Duplicate event_id,HIGH,Duplicate record,b1f6c4d4-48bb-41cd-bbe4-a036ae960fc2,bc1dd34e-e2b4-40a5-be33-17fcb448363d
941,Duplicate event_id,HIGH,Duplicate record,1a703587-afc5-4c74-b303-07d0b90904e1,10546214-6854-47d9-87b4-ef68f196ff5e
951,Duplicate event_id,HIGH,Duplicate record,27ad9091-e24c-451c-8f15-e11cc414a64e,741c3404-9813-4d95-83bb-ad66a56bf881
959,Duplicate event_id,HIGH,Duplicate record,48248fe3-573e-4b7f-abfc-a512a96c1ca9,1614da80-8c78-4c8f-a6d8-370872e71a04
972,Duplicate event_id,HIGH,Duplicate record,f66e6f2c-a6fe-42f0-83c4-08bd8733282b,bbe446d9-b2e1-4b26-8e7e-8353652941c8
989,Duplicate event_id,HIGH,Duplicate record,af15aca1-26b5-4b20-9ec2-9e64b31819d2,5528028b-7057-4a40-ba50-e829a6fd9b90
994,Duplicate event_id,HIGH,Duplicate record,80427119-cab7-4e2c-b786-4d2f44ec0419,26845409-3a21-4d0a-acb6-3181ce346624
9,Missing content_id,HIGH,Missing value,541785d7-43c9-4028-bc8f-7b515411d14b,5351ac01-c8fb-40e5-9579-8591e454d4ae
67,Missing content_id,HIGH,Missing value,088fdb07-f7d1-4e9f-88ac-04c9c771e9e5,5cf15453-ab89-4b63-9865-7e340c15747d
78,Missing content_id,HIGH,Missing value,bb586c86-b2a1-42a2-91d4-771e2ce1147b,1c56640b-c068-443f-99ee-d72b1336eb7a
102,Missing content_id,HIGH,Missing value,fa84b507-71fd-42ca-adfd-0e4e5ef8e478,13f45ef6-af9c-48aa-8c41-44265aa8982c
128,Missing content_id,HIGH,Missing value,77f29c19-67db-455c-84c4-ead61459fc8b,f38a2232-1480-42b2-a7a2-1ec680e29db5
131,Missing content_id,HIGH,Missing value,30a9de9c-9257-470d-9f7f-c48f8cd5426b,1614da80-8c78-4c8f-a6d8-370872e71a04
287,Missing content_id,HIGH,Missing value,f9643434-ddb3-4d71-b0dd-66e4fada138a,a4864430-1d67-454e-af5a-f3ab3bbe7a5a
297,Missing content_id,HIGH,Missing value,4e25262b-daaa-4a2f-8f3b-aa7bda8bd09b,6ef3e858-f966-4c8b-9963-4774521556e8
303,Missing content_id,HIGH,Missing value,ff90ad4d-55fc-4057-9aca-e00ce0160d09,9c04ff50-1681-4994-b38e-0152a07589e7
318,Missing content_id,HIGH,Missing value,ad355f6d-eaa5-4958-86e7-da1677aa03cf,d9991e15-37f6-4a7e-9d5c-ebecf8bece71
332,Missing content_id,HIGH,Missing value,89e67cc7-c0cc-4bdd-9817-82364e00e061,102c0259-ea9d-4ab6-ad58-8805b452596b
354,Missing content_id,HIGH,Missing value,dc4c27b0-e81f-44ac-b6b5-f27328b79291,5c7a0887-52db-4e93-ab86-4d6a8b257231
386,Missing content_id,HIGH,Missing value,9d905d91-5962-4225-a5d8-09f385da78cf,5adc8db7-a721-45bd-bfc6-bd0dc5696671
396,Missing content_id,HIGH,Missing value,14a5e56d-8c0e-4b58-b575-6cb5e6897416,6f6bcf1a-807c-4326-9920-2a286288152b
465,Missing content_id,HIGH,Missing value,8a3cba66-78d1-47ba-9921-add7cd100af1,bdd9c83f-ad22-4aef-9590-bf00ee9b44d2
579,Missing content_id,HIGH,Missing value,70271761-56ae-4b93-bec3-3599401a7655,f8e9cb1b-dfbb-451b-aa16-cbdc9f80bd36
678,Missing content_id,HIGH,Missing value,adbe8023-07d1-4ff1-a0df-ed7de46a4b1a,bfaa2907-b201-4afb-8089-0bf47564cd11
681,Missing content_id,HIGH,Missing value,4d497efd-15e5-40f2-bc3c-faa0afaddf07,6a02f8e2-ddb0-468b-92fa-abdeca96b274
683,Missing content_id,HIGH,Missing value,b6b745c3-3349-4c76-8a45-015c7264a07c,7289740d-52ba-4cd9-b5c4-699be2fb0bb7
702,Missing content_id,HIGH,Missing value,e9f67146-ea84-4ead-9b73-ab92e6907e80,21194207-c8aa-48b6-b518-a0b3ad98ad94
740,Missing content_id,HIGH,Missing value,e693759f-3fd4-4387-bce3-32f83b6a6607,741c3404-9813-4d95-83bb-ad66a56bf881
751,Missing content_id,HIGH,Missing value,df379004-5c86-4c27-b845-de925aab5731,34e72600-df72-46c4-91b4-9a4a6bef0e35
794,Missing content_id,HIGH,Missing value,8db35004-1062-455d-994e-66b22a7e927e,246e5067-c41b-46da-b8f1-7c98dbfb3164
844,Missing content_id,HIGH,Missing value,78dfe05b-b2c8-419f-bf90-38917b457485,3170f793-b0cd-460e-90b4-b802a35c0046
866,Missing content_id,HIGH,Missing value,ff79f9d9-78d2-48d3-8db9-22c67b3c81d6,741c3404-9813-4d95-83bb-ad66a56bf881
894,Missing content_id,HIGH,Missing value,e611ec80-0b72-4a3f-b60e-b19a146754df,fc9b2c70-5e36-4fbb-90b6-5b1fbb754e79
918,Missing content_id,HIGH,Missing value,ce563ac2-dc75-4a53-abdc-48bd9e37268d,c330c03a-8b01-4db2-8082-427ce5e68857
422,Missing device_id,HIGH,Missing value,00b45cde-e17c-4a49-ba6b-e4295e72ca5a,d89c64b1-5bd4-4867-9450-455f259459e9
620,Missing device_id,HIGH,Missing value,90184e6b-3086-4b9e-a710-2f4207109d77,3e7868d6-dd48-4607-a531-896d61b76817
633,Missing device_id,HIGH,Missing value,f62040e6-138b-4e72-9b03-d6ce06547657,bb0d383f-218f-445b-b320-8ddf0ad7ea62
868,Missing device_id,HIGH,Missing value,54156e66-73d6-4e18-80b7-4c9c090d7e8b,3170f793-b0cd-460e-90b4-b802a35c0046
903,Missing device_id,HIGH,Missing value,e1bcb4a6-cf34-4f2b-961e-d0bc02d4d9ee,89e4b926-e4bc-4ac8-87c4-2dafb504ba6e
105,Invalid firmware_version format,MEDIUM,Format issue,9784c6fd-7b1a-4948-a350-10e2276bacc8,1c0fe729-e7d9-4ae7-9f0b-5518129a914e
329,Invalid firmware_version format,MEDIUM,Format issue,db3dc9f1-d0a1-4518-8d7e-efc3c3e03200,246e5067-c41b-46da-b8f1-7c98dbfb3164
434,Invalid firmware_version format,MEDIUM,Format issue,15e0953b-1934-4fe7-ae0d-b33a7803390e,003e798a-2486-483c-9640-2eb64c80de19
489,Invalid firmware_version format,MEDIUM,Format issue,b3a3bb5a-5d75-45b8-b52a-b541cee893ef,aaf0335b-b865-4272-b80f-707e63520001
503,Invalid firmware_version format,MEDIUM,Format issue,a5ad0983-8206-4e5e-a8af-ba23f34330fd,bed99863-128c-4e84-a5a8-7c5b52b72c2c
659,Invalid firmware_version format,MEDIUM,Format issue,8529ac52-996a-47ff-b570-d5ecd723b6e4,1c0fe729-e7d9-4ae7-9f0b-5518129a914e
0,Timestamp outside last 30 days,MEDIUM,Timestamp issue,a3a65b03-93ce-414f-a817-ac9e9f4cebe2,2f0b1436-8697-41f1-a288-c0d8fcb512e6
1,Timestamp outside last 30 days,MEDIUM,Timestamp issue,eb102904-b330-4e52-9ef4-b579c9fd732b,3ae631c7-9378-4467-8d8b-418f043e2e1f
2,Timestamp outside last 30 days,MEDIUM,Timestamp issue,9f3342e6-e410-4df5-8b32-d6d589a3c3b2,7d75f6da-c30a-47cc-8cf6-abf4ff329b57
3,Timestamp outside last 30 days,MEDIUM,Timestamp issue,b97aa32c-f4d7-4e13-adaf-4fe2919d9f6a,7d75f6da-c30a-47cc-8cf6-abf4ff329b57
4,Timestamp outside last 30 days,MEDIUM,Timestamp issue,174342a8-187f-4e44-bd91-786397d3335e,91ca5769-55df-4f3f-bf66-5ed1ebf0f5fe
5,Timestamp outside last 30 days,MEDIUM,Timestamp issue,a8075482-3ffd-4d3e-8ed8-b37afd9f3676,3170f793-b0cd-460e-90b4-b802a35c0046
6,Timestamp outside last 30 days,MEDIUM,Timestamp issue,a10e2b8f-12db-4a03-b982-8fb477f081f6,eef168f7-52cf-4699-b2e5-8ffd974658eb
7,Timestamp outside last 30 days,MEDIUM,Timestamp issue,c1fdc98d-cf63-4d91-b5e8-769c9128373f,10546214-6854-47d9-87b4-ef68f196ff5e
8,Timestamp outside last 30 days,MEDIUM,Timestamp issue,5e43011e-a8c7-4eaa-acc2-d093b3fe10cf,318acf26-04b1-461c-86b7-87317f167cfd
9,Timestamp outside last 30 days,MEDIUM,Timestamp issue,541785d7-43c9-4028-bc8f-7b515411d14b,5351ac01-c8fb-40e5-9579-8591e454d4ae
10,Timestamp outside last 30 days,MEDIUM,Timestamp issue,8dbce9fd-4b06-4576-b0b0-c7b2f4a6f9f8,7821def3-ebf4-4a2d-acbe-5c1d9ab89193
11,Timestamp outside last 30 days,MEDIUM,Timestamp issue,b60fd687-868e-41b2-8612-44acdc364e9d,7acb7b04-f20d-4585-90e5-de8ef3a72b0b
12,Timestamp outside last 30 days,MEDIUM,Timestamp issue,59401820-64e2-4f9b-902e-be41ad6c9fd4,d005ee80-3104-4ee4-99aa-006807ae39ad
13,Timestamp outside last 30 days,MEDIUM,Timestamp issue,358d57a7-a791-412f-ba2f-b1d71a293d48,10546214-6854-47d9-87b4-ef68f196ff5e
14,Timestamp outside last 30 days,MEDIUM,Timestamp issue,b6e967ed-cd17-4471-b958-308baf7f373d,d89c64b1-5bd4-4867-9450-455f259459e9
15,Timestamp outside last 30 days,MEDIUM,Timestamp issue,1a7fc18b-69bb-4fd6-bf9c-d92c0a9c1d13,bdd9c83f-ad22-4aef-9590-bf00ee9b44d2
16,Timestamp outside last 30 days,MEDIUM,Timestamp issue,df6972b5-d552-4935-8d33-92eafb0f89a5,06afc732-261f-42e9-b082-81626e6b23e3
17,Timestamp outside last 30 days,MEDIUM,Timestamp issue,0a27448a-ce10-4383-9720-79bccd517865,cf2a0446-2c50-4fa5-bf3f-b23d98285c98
18,Timestamp outside last 30 days,MEDIUM,Timestamp issue,5bd76612-8543-45e7-96cb-305c13c82060,f38a2232-1480-42b2-a7a2-1ec680e29db5
19,Timestamp outside last 30 days,MEDIUM,Timestamp issue,5ed3966f-9669-4ec9-ba82-0a5285aed851,dc72b723-076a-497e-a9c8-48e7b57e21cb
20,Timestamp outside last 30 days,MEDIUM,Timestamp issue,805573fd-d77b-4a72-b78d-5e9569c85ed4,37c2feb0-3490-4f4d-9844-e68f7b0487eb
21,Timestamp outside last 30 days,MEDIUM,Timestamp issue,d1951d41-7de9-4929-a7f7-2cf717faa398,1dad937b-39cd-4aca-8661-fe7b5d475433
22,Timestamp outside last 30 days,MEDIUM,Timestamp issue,c9c75f23-82d4-4fd2-aa70-d23e55db6bb8,3dc14172-738e-4013-8c33-3d8c0977567d
23,Timestamp outside last 30 days,MEDIUM,Timestamp issue,8bf163ad-4582-449a-bf47-bf0ce99d6b88,89e4b926-e4bc-4ac8-87c4-2dafb504ba6e
24,Timestamp outside last 30 days,MEDIUM,Timestamp issue,b97aa32c-f4d7-4e13-adaf-4fe2919d9f6a,7d75f6da-c30a-47cc-8cf6-abf4ff329b57
25,Timestamp outside last 30 days,MEDIUM,Timestamp issue,254d17e6-9b32-4a4e-a5fc-83dd3e66f0ed,82ef415a-b913-47eb-96ec-1af2f8cecd34
26,Timestamp outside last 30 days,MEDIUM,Timestamp issue,f3d517e5-d061-4842-b1a3-24aad449b20e,2c0b9fce-9dfc-4271-9be6-f4f7e5ad8a92
27,Timestamp outside last 30 days,MEDIUM,Timestamp issue,fe8f4d7b-fef6-4d57-b71c-7f4e9e22e73e,f3e2111e-ba82-4af6-a4ab-0ea2782a1b11
28,Timestamp outside last 30 days,MEDIUM,Timestamp issue,5e0878d2-5bf3-44d9-bf9a-dda5fd434d24,aaf0335b-b865-4272-b80f-707e63520001
29,Timestamp outside last 30 days,MEDIUM,Timestamp issue,856e356e-84d1-4c2e-a7f9-af6ce2264338,1f2eae4b-d609-4d6d-aca7-1ac11f814278
30,Timestamp outside last 30 days,MEDIUM,Timestamp issue,01f18fcc-2bf8-4ef7-9997-95feba6e8d73,771b2b82-37c5-4bf9-ab4e-cec62570edd6
31,Timestamp outside last 30 days,MEDIUM,Timestamp issue,4f8b4f69-e08d-4561-bbb9-0ebfb70803f0,5cf15453-ab89-4b63-9865-7e340c15747d
32,Timestamp outside last 30 days,MEDIUM,Timestamp issue,52534e5d-6ebd-4dde-b1d1-a1ce65d30ad6,6ef3e858-f966-4c8b-9963-4774521556e8
33,Timestamp outside last 30 days,MEDIUM,Timestamp issue,4995e043-1703-43fa-a2bf-1d6f1ede1ab4,6f6bcf1a-807c-4326-9920-2a286288152b
34,Timestamp outside last 30 days,MEDIUM,Timestamp issue,2440df2f-bfd2-443d-97f7-28fe5cac54b6,dafa04d5-6dbe-4512-87ae-708606c34a54
35,Timestamp outside last 30 days,MEDIUM,Timestamp issue,9159906b-2a1c-4ea4-aab7-5683c171da0c,75d0ab67-11c0-4b00-be70-978f4e86b387
36,Timestamp outside last 30 days,MEDIUM,Timestamp issue,2b1af66e-dcdd-4f3e-8e0b-69771636182f,6f53c64a-91f6-41fe-bb63-40f6ba5597b6
37,Timestamp outside last 30 days,MEDIUM,Timestamp issue,1a4048d4-4363-4125-87df-6c226fbb5e48,02aa29e0-973d-451b-9a72-69906cd9fdc8
38,Timestamp outside last 30 days,MEDIUM,Timestamp issue,c78da075-ec10-4c59-ad03-cb059809ac03,318acf26-04b1-461c-86b7-87317f167cfd
39,Timestamp outside last 30 days,MEDIUM,Timestamp issue,58484561-5c59-45b0-9651-8df7ec89f119,7c068c56-ad95-4059-b4d9-eb58b654683b
40,Timestamp outside last 30 days,MEDIUM,Timestamp issue,aab75600-c99c-4598-906f-4884ac7648c9,2095ca0a-3bd6-4fd1-826c-e574aa9bd37e
41,Timestamp outside last 30 days,MEDIUM,Timestamp issue,dc870619-e8e7-468b-b942-b5d6ce5f58dd,4dc32b0b-b2eb-4f66-b5a2-eea077563e48
42,Timestamp outside last 30 days,MEDIUM,Timestamp issue,6752ce10-3681-4d16-ab2e-04021e042d06,4b6b32a6-0dc4-4cbf-9f49-6ce712a1b8f5
43,Timestamp outside last 30 days,MEDIUM,Timestamp issue,ab71e0b2-e3e4-4ae0-ae3d-5a36ee824d86,ad1424b8-96c9-4db0-b715-11f07657971d
44,Timestamp outside last 30 days,MEDIUM,Timestamp issue,c9e73df7-1d5a-4ce3-b5ee-d72757bad5d7,741c3404-9813-4d95-83bb-ad66a56bf881
45,Timestamp outside last 30 days,MEDIUM,Timestamp issue,f3a41508-d10f-4321-b1f5-e7a943db8275,34e72600-df72-46c4-91b4-9a4a6bef0e35
46,Timestamp outside last 30 days,MEDIUM,Timestamp issue,dd038879-69dc-435c-885b-7cd96fd75517,76e1f60c-fb9a-45b6-878d-aa2e91c50b02
47,Timestamp outside last 30 days,MEDIUM,Timestamp issue,b6ec6f77-e084-42a3-a6f9-c54e0b0c2dec,11deaa9c-7892-4cc5-9483-7f2f02ccc096
48,Timestamp outside last 30 days,MEDIUM,Timestamp issue,0dc7a9ac-60e0-4736-a61f-13b650f8c905,15e394fd-5fde-4286-91eb-0a67ca5d2ed5
49,Timestamp outside last 30 days,MEDIUM,Timestamp issue,20481987-14f9-4943-872c-4ddb72764ba5,45c1e6be-1632-4d42-82b5-ff3b3fd9b863
50,Timestamp outside last 30 days,MEDIUM,Timestamp issue,be3a055b-82a3-457c-858e-2705a636af6b,3321db6c-2f30-4d09-8132-6f74750a97ea
51,Timestamp outside last 30 days,MEDIUM,Timestamp issue,e831fae4-51a0-469e-a7c6-23e3d929ca75,11deaa9c-7892-4cc5-9483-7f2f02ccc096
52,Timestamp outside last 30 days,MEDIUM,Timestamp issue,3a12c1b1-67bb-4767-8d59-8971300bdcf3,3cc5305c-9ae2-4dd6-b66e-4739ea1002bf
53,Timestamp outside last 30 days,MEDIUM,Timestamp issue,b80759b3-eb22-4d1a-ab3e-40f7aaeceedf,bdd9c83f-ad22-4aef-9590-bf00ee9b44d2
54,Timestamp outside last 30 days,MEDIUM,Timestamp issue,a88b4dd2-f907-4092-a138-48bce501e919,d43cd6fe-dfe5-4cb7-893d-4ad9c29d21d0
55,Timestamp outside last 30 days,MEDIUM,Timestamp issue,24e23a8f-5112-4dfa-ae56-8cf4bbed2f8d,f3e2111e-ba82-4af6-a4ab-0ea2782a1b11
56,Timestamp outside last 30 days,MEDIUM,Timestamp issue,4e6a9e58-872d-43ae-ad90-3ad2c7ac4771,4f0092bf-7622-4c47-8b18-a0a03f74626c
57,Timestamp outside last 30 days,MEDIUM,Timestamp issue,eb106a8d-34fe-4139-83ac-f3ab430442a5,8cd896f5-5264-4cb6-b582-5253cf38aa11
58,Timestamp outside last 30 days,MEDIUM,Timestamp issue,ba919eb7-ae14-4a3a-b324-c9dc7da80631,55cd83ba-289c-4e8f-9f75-cab51439b2a1
59,Timestamp outside last 30 days,MEDIUM,Timestamp issue,09b2a655-26e0-4a8c-be49-a857da2db8e4,454339d7-b5e5-4463-a13d-41c3e90655cd
60,Timestamp outside last 30 days,MEDIUM,Timestamp issue,e68dc1b5-8da0-484b-aafa-ce59070838a3,9c04ff50-1681-4994-b38e-0152a07589e7
61,Timestamp outside last 30 days,MEDIUM,Timestamp issue,18a3f3ca-31e1-4e09-8de5-62e0727e5b61,ad1424b8-96c9-4db0-b715-11f07657971d
62,Timestamp outside last 30 days,MEDIUM,Timestamp issue,5d05d513-8eb2-4316-89e7-df0caec0e93e,11a0af92-b9e0-43bb-99e2-b2805a260084
63,Timestamp outside last 30 days,MEDIUM,Timestamp issue,5346db75-4721-412b-8f43-8b22cf71aa70,27a01ad5-efe2-4aa8-8dcd-031893f87143
64,Timestamp outside last 30 days,MEDIUM,Timestamp issue,7b3ab856-9c64-46b1-b1fd-22085dac037f,f38a2232-1480-42b2-a7a2-1ec680e29db5
65,Timestamp outside last 30 days,MEDIUM,Timestamp issue,9fd049b7-d9ce-4f07-8cbf-d59818399e96,26845409-3a21-4d0a-acb6-3181ce346624
66,Timestamp outside last 30 days,MEDIUM,Timestamp issue,ead4bd8c-c7fc-457e-ab0d-62e7aec47610,75d0ab67-11c0-4b00-be70-978f4e86b387
67,Timestamp outside last 30 days,MEDIUM,Timestamp issue,088fdb07-f7d1-4e9f-88ac-04c9c771e9e5,5cf15453-ab89-4b63-9865-7e340c15747d
68,Timestamp outside last 30 days,MEDIUM,Timestamp issue,4baf6400-a76d-4bee-85c2-41fc39eac1b5,34eee7ac-3ae8-4daf-8138-dc1caa32f062
69,Timestamp outside last 30 days,MEDIUM,Timestamp issue,9a5420d2-8001-4e94-91b1-730fe2d3501d,02aa29e0-973d-451b-9a72-69906cd9fdc8
70,Timestamp outside last 30 days,MEDIUM,Timestamp issue,462137c7-1e00-4a06-980a-32530aff35f8,161a5530-bf2c-4564-8ed1-5316064968a9
71,Timestamp outside last 30 days,MEDIUM,Timestamp issue,87bcc85e-32ae-4e86-91a7-3ce7d3cbffb8,bdc66c06-428b-4283-be01-5790205c449e
72,Timestamp outside last 30 days,MEDIUM,Timestamp issue,2a036f6c-1cd7-47a4-b44d-2d16f73ece4d,89d4195a-6536-4e98-a35f-18834739b59f
73,Timestamp outside last 30 days,MEDIUM,Timestamp issue,b6b2fb27-99a7-4b68-b2eb-a31ea98b5b6f,1ffb0f4b-210a-4369-b076-fa9a4addfc23
74,Timestamp outside last 30 days,MEDIUM,Timestamp issue,77992016-c00d-4b11-a477-66bd96648d56,d214a927-b70d-4ed7-97e9-fc9edeaf189b
75,Timestamp outside last 30 days,MEDIUM,Timestamp issue,e69ef2b5-fcd1-49bc-b551-3cb1c2cf2f73,5c7a0887-52db-4e93-ab86-4d6a8b257231
76,Timestamp outside last 30 days,MEDIUM,Timestamp issue,fb4b6f19-89ec-4caa-91d0-3b34cefe7a8e,7927f846-3ef7-4bc2-a70e-fa02288b33c8
77,Timestamp outside last 30 days,MEDIUM,Timestamp issue,ecd053f8-11ec-4490-9f01-2e4200ca5757,c2b37eab-a4aa-459b-8f1c-04d149b09b53
78,Timestamp outside last 30 days,MEDIUM,Timestamp issue,bb586c86-b2a1-42a2-91d4-771e2ce1147b,1c56640b-c068-443f-99ee-d72b1336eb7a
79,Timestamp outside last 30 days,MEDIUM,Timestamp issue,0e7a666c-d317-42b3-8bdf-4aba1f770c96,bfaa2907-b201-4afb-8089-0bf47564cd11
80,Timestamp outside last 30 days,MEDIUM,Timestamp issue,af15aca1-26b5-4b20-9ec2-9e64b31819d2,5528028b-7057-4a40-ba50-e829a6fd9b90
81,Timestamp outside last 30 days,MEDIUM,Timestamp issue,d7410470-6f47-4dc4-a698-1715739fbb24,4b6b32a6-0dc4-4cbf-9f49-6ce712a1b8f5
82,Timestamp outside last 30 days,MEDIUM,Timestamp issue,db60efe9-f463-46cc-b008-858f144aedc6,11a0af92-b9e0-43bb-99e2-b2805a260084
83,Timestamp outside last 30 days,MEDIUM,Timestamp issue,f09e177a-2d03-4942-a038-bc1767fd4bce,6a02f8e2-ddb0-468b-92fa-abdeca96b274
84,Timestamp outside last 30 days,MEDIUM,Timestamp issue,972e2da0-1b44-4036-a3ac-643aee5f63de,7927f846-3ef7-4bc2-a70e-fa02288b33c8
85,Timestamp outside last 30 days,MEDIUM,Timestamp issue,6d8739f6-addb-4ea3-9f7a-0c2516be3748,3170f793-b0cd-460e-90b4-b802a35c0046
86,Timestamp outside last 30 days,MEDIUM,Timestamp issue,ee5473bb-a8b0-4a87-a057-e4ba0db3d323,5351ac01-c8fb-40e5-9579-8591e454d4ae
87,Timestamp outside last 30 days,MEDIUM,Timestamp issue,15dc8188-bc37-4839-b5b9-d7951335d177,bed99863-128c-4e84-a5a8-7c5b52b72c2c
88,Timestamp outside last 30 days,MEDIUM,Timestamp issue,6dccd0b4-eb40-4b13-915a-3e8413b79719,5d533a38-beed-44b0-af58-e09468a135ee
89,Timestamp outside last 30 days,MEDIUM,Timestamp issue,42c5e694-2a10-429c-9d5b-5dc2a4074373,a1e6862d-afca-4a49-b474-f89f19325727
90,Timestamp outside last 30 days,MEDIUM,Timestamp issue,089777cd-cd9d-495b-a87f-70fa8f6e3cc4,ffa3eb11-0bb0-4b14-8041-a956555c55fd
91,Timestamp outside last 30 days,MEDIUM,Timestamp issue,db6ce247-d06f-47fa-8b21-ca5cedf30b42,794edb86-ff35-466c-b46a-9cf864288de7
92,Timestamp outside last 30 days,MEDIUM,Timestamp issue,6b65fd41-af36-46ea-900e-bc7d8eef332c,a6994423-7ab7-43f6-b568-8ff4cc7cffd5
93,Timestamp outside last 30 days,MEDIUM,Timestamp issue,868442a4-86e8-416c-ba59-92f79626f2ac,f8e9cb1b-dfbb-451b-aa16-cbdc9f80bd36
94,Timestamp outside last 30 days,MEDIUM,Timestamp issue,2d49445e-007c-426e-b0d9-02e642b99db4,55cd83ba-289c-4e8f-9f75-cab51439b2a1
95,Timestamp outside last 30 days,MEDIUM,Timestamp issue,41800299-e85c-4762-aeb4-76ee9b82ed89,e2050806-79f2-43a7-bc97-77f6d8a5f070
96,Timestamp outside last 30 days,MEDIUM,Timestamp issue,ffe7354e-5297-4823-8c2a-ed5134ec4b66,6f53c64a-91f6-41fe-bb63-40f6ba5597b6
97,Timestamp outside last 30 days,MEDIUM,Timestamp issue,178f329d-7902-4673-a84c-e8c8c3e7c6c5,55cd83ba-289c-4e8f-9f75-cab51439b2a1
98,Timestamp outside last 30 days,MEDIUM,Timestamp issue,84e1b5e8-c6f0-40d0-b40c-cd42333f2f76,d032bf04-b68a-467b-9ea9-8f2c2bc45b93
99,Timestamp outside last 30 days,MEDIUM,Timestamp issue,286b94bf-39ad-4b77-9a7e-eb4fe3a55785,92ccad33-c36f-4221-a628-778bb14dc43c
100,Timestamp outside last 30 days,MEDIUM,Timestamp issue,58bb774d-c6fb-4a23-97f0-ffe66f8ec6d0,5528028b-7057-4a40-ba50-e829a6fd9b90
101,Timestamp outside last 30 days,MEDIUM,Timestamp issue,c161389f-e36f-4d96-99b8-94af70017397,464e1243-5458-4fc8-8bba-7ee3515b0a17
102,Timestamp outside last 30 days,MEDIUM,Timestamp issue,fa84b507-71fd-42ca-adfd-0e4e5ef8e478,13f45ef6-af9c-48aa-8c41-44265aa8982c
103,Timestamp outside last 30 days,MEDIUM,Timestamp issue,2afc2d2f-b7fe-4d62-801f-79f92d41c77c,76e1f60c-fb9a-45b6-878d-aa2e91c50b02
104,Timestamp outside last 30 days,MEDIUM,Timestamp issue,fd965b5a-d13e-412a-a43f-4f2a54618061,f04c40b3-270c-4290-9ceb-c86b1dc3e691
105,Timestamp outside last 30 days,MEDIUM,Timestamp issue,9784c6fd-7b1a-4948-a350-10e2276bacc8,1c0fe729-e7d9-4ae7-9f0b-5518129a914e
106,Timestamp outside last 30 days,MEDIUM,Timestamp issue,75a79105-165d-42db-ae0a-5b775f3edff1,95091c69-e513-4f8f-a9e0-55f9d6a09751
107,Timestamp outside last 30 days,MEDIUM,Timestamp issue,472f4951-a937-46b7-b480-73097348c6ae,7d19ef1c-a02f-4088-8edc-24341a46e604
108,Timestamp outside last 30 days,MEDIUM,Timestamp issue,cf5c4c3e-f8ef-4dc2-a6e1-8faec197dec8,6f6bcf1a-807c-4326-9920-2a286288152b
109,Timestamp outside last 30 days,MEDIUM,Timestamp issue,ae120a5f-9fec-4929-a76d-2bc8125b5db9,4e4ee406-e49b-461a-bac7-ad0d93799348
110,Timestamp outside last 30 days,MEDIUM,Timestamp issue,0405e239-945b-43ae-b8a5-67aa66bc597c,2bab7232-a25a-492a-ad1d-48b6ebecf8dd
111,Timestamp outside last 30 days,MEDIUM,Timestamp issue,38421b81-d106-44f0-af95-bdf886c8d438,8b5b465f-d6b8-4fa4-9c76-ba312b31f31f
112,Timestamp outside last 30 days,MEDIUM,Timestamp issue,a3a65b03-93ce-414f-a817-ac9e9f4cebe2,2f0b1436-8697-41f1-a288-c0d8fcb512e6
113,Timestamp outside last 30 days,MEDIUM,Timestamp issue,baf98e69-81ad-45e8-8bc2-96479bb233bc,3e7868d6-dd48-4607-a531-896d61b76817
114,Timestamp outside last 30 days,MEDIUM,Timestamp issue,0678e39b-6a2c-49fc-a8ec-11474a35ab27,c282aede-f90e-4d82-a431-247f438d677d
115,Timestamp outside last 30 days,MEDIUM,Timestamp issue,0791750e-1be1-43bb-a513-1775c50c5f43,b250c05f-3029-4ea6-91b7-7d351a98016f
116,Timestamp outside last 30 days,MEDIUM,Timestamp issue,f4aa6cc2-fda0-47e1-95fe-7807014ace11,ad2d75a2-7d2d-46da-bf60-b2b7171504b8
117,Timestamp outside last 30 days,MEDIUM,Timestamp issue,95f6a0a1-714c-46b7-bb31-52c396777c01,fd77978c-9b17-4cf8-9576-0ead1f0a7d6d
118,Timestamp outside last 30 days,MEDIUM,Timestamp issue,75435a54-30ea-4a43-962a-dc19a502b9bc,9a8c03eb-d1de-40bc-8443-885ca83bb9a4
119,Timestamp outside last 30 days,MEDIUM,Timestamp issue,fa2d24bd-5616-4792-8600-5367c33eb4bd,a4864430-1d67-454e-af5a-f3ab3bbe7a5a
120,Timestamp outside last 30 days,MEDIUM,Timestamp issue,4827bf15-3aa8-45c1-b9d2-a62550fe62bf,d03eca90-4f0f-45b0-a5ef-9ca18920d33b
121,Timestamp outside last 30 days,MEDIUM,Timestamp issue,cfacbb55-7e9a-4a3f-8777-94af9d239b1b,27a01ad5-efe2-4aa8-8dcd-031893f87143
122,Timestamp outside last 30 days,MEDIUM,Timestamp issue,e8d97fa3-a0c1-424b-8427-f78a7b2049a3,5adc8db7-a721-45bd-bfc6-bd0dc5696671
123,Timestamp outside last 30 days,MEDIUM,Timestamp issue,ff1a5d68-2f7c-40f9-a4c1-54b05b6d79d0,dafa04d5-6dbe-4512-87ae-708606c34a54
124,Timestamp outside last 30 days,MEDIUM,Timestamp issue,236a2821-c2df-4312-b207-e2e1280765de,3187e98b-de08-41a0-b190-2afe93289ba8
125,Timestamp outside last 30 days,MEDIUM,Timestamp issue,aaf6e9f1-1153-4b70-97bb-dd6daef329ed,8729a813-2332-4fe3-a5bf-f1ab9f5776be
126,Timestamp outside last 30 days,MEDIUM,Timestamp issue,434a5c15-5faa-4425-841f-2d29df6f5dcc,aaf0335b-b865-4272-b80f-707e63520001
127,Timestamp outside last 30 days,MEDIUM,Timestamp issue,163aa4db-4fd8-4de1-9daf-987de99a6f60,ce98f6a0-cfca-46f2-8dbb-247996dcadda
128,Timestamp outside last 30 days,MEDIUM,Timestamp issue,77f29c19-67db-455c-84c4-ead61459fc8b,f38a2232-1480-42b2-a7a2-1ec680e29db5
129,Timestamp outside last 30 days,MEDIUM,Timestamp issue,a679dd73-1783-40c0-9e87-3d7800a9c461,5adc8db7-a721-45bd-bfc6-bd0dc5696671
130,Timestamp outside last 30 days,MEDIUM,Timestamp issue,e278a18f-a357-441c-9f5e-2405f3a5f3d0,ed36bcff-f626-4181-8400-c89021aa8770
131,Timestamp outside last 30 days,MEDIUM,Timestamp issue,30a9de9c-9257-470d-9f7f-c48f8cd5426b,1614da80-8c78-4c8f-a6d8-370872e71a04
132,Timestamp outside last 30 days,MEDIUM,Timestamp issue,5a024da5-28cb-46a8-af17-0f08eb8222ec,4dc32b0b-b2eb-4f66-b5a2-eea077563e48
133,Timestamp outside last 30 days,MEDIUM,Timestamp issue,820cb47f-bf2a-492b-a491-e598743af265,5a3ef674-bea0-4dc1-a03a-f852e5f0c2d9
134,Timestamp outside last 30 days,MEDIUM,Timestamp issue,199093c3-cac8-414a-b787-838532e21605,5a0b4f48-9653-45b9-a7f7-ed353e18e1c9
135,Timestamp outside last 30 days,MEDIUM,Timestamp issue,28ab7f20-480f-424c-a8e8-8683f4c4b903,4dc32b0b-b2eb-4f66-b5a2-eea077563e48
136,Timestamp outside last 30 days,MEDIUM,Timestamp issue,57afcb0e-5691-4647-9948-e69b2d4c36b3,e2050806-79f2-43a7-bc97-77f6d8a5f070
137,Timestamp outside last 30 days,MEDIUM,Timestamp issue,a486e184-ee59-4783-8cb3-b07e40a51ba8,dee9578c-89ba-46ed-912f-bd163ebf9dae
138,Timestamp outside last 30 days,MEDIUM,Timestamp issue,6d3c3973-9e7d-4069-89a3-fcbc8bb33d3f,b250c05f-3029-4ea6-91b7-7d351a98016f
139,Timestamp outside last 30 days,MEDIUM,Timestamp issue,1d529fac-85a0-451a-a652-62bcd97aaabc,06afc732-261f-42e9-b082-81626e6b23e3
140,Timestamp outside last 30 days,MEDIUM,Timestamp issue,4d3b446e-ddf8-489e-bb4f-136d6de4f86c,822daaec-55f6-4348-baa8-89082a338c6b
141,Timestamp outside last 30 days,MEDIUM,Timestamp issue,02c9aaef-cfbb-4f31-a553-dd31681a796c,6ef3e858-f966-4c8b-9963-4774521556e8
142,Timestamp outside last 30 days,MEDIUM,Timestamp issue,191fd4af-a3b6-4030-8f48-d9c90c2e30bb,21194207-c8aa-48b6-b518-a0b3ad98ad94
143,Timestamp outside last 30 days,MEDIUM,Timestamp issue,60fb28ab-17ac-46c1-8556-57c0519864cf,14b4eed2-73dc-47fc-901b-6956d12cbba2
144,Timestamp outside last 30 days,MEDIUM,Timestamp issue,e5fc718c-c383-4ea7-a7cb-f53285603ce7,4503bcf5-11d4-4534-b7a2-841c89fc84fd
145,Timestamp outside last 30 days,MEDIUM,Timestamp issue,c3dc0e3e-f197-4cf1-87a6-229f4e956526,7d19ef1c-a02f-4088-8edc-24341a46e604
146,Timestamp outside last 30 days,MEDIUM,Timestamp issue,a10a6c31-150f-43bc-adcb-b04898b9be64,02aa29e0-973d-451b-9a72-69906cd9fdc8
147,Timestamp outside last 30 days,MEDIUM,Timestamp issue,d9e8b4ab-6dbf-4fa3-b94f-9732f8ebaa46,dd6868a5-a36f-446a-bc9d-6645756b9dae
148,Timestamp outside last 30 days,MEDIUM,Timestamp issue,75a05dd1-2487-4f16-9eb3-986a74af92c3,003e798a-2486-483c-9640-2eb64c80de19
149,Timestamp outside last 30 days,MEDIUM,Timestamp issue,d95dc247-5514-4bab-b8f9-2be9b1d47be0,3170f793-b0cd-460e-90b4-b802a35c0046
150,Timestamp outside last 30 days,MEDIUM,Timestamp issue,c218a21c-ff36-4617-8653-b5eee6e841bf,a1e6862d-afca-4a49-b474-f89f19325727
151,Timestamp outside last 30 days,MEDIUM,Timestamp issue,94e70519-29e8-4c12-a72d-f4ceb88a801f,4e4ee406-e49b-461a-bac7-ad0d93799348
152,Timestamp outside last 30 days,MEDIUM,Timestamp issue,7b8e65dc-590d-43cb-a4c6-3b5875dd230a,003e798a-2486-483c-9640-2eb64c80de19
153,Timestamp outside last 30 days,MEDIUM,Timestamp issue,97528226-1b28-4ed3-84b9-15d43a2e85f6,aea9aefe-4e88-4ef8-9ac0-cd15a6682b70
154,Timestamp outside last 30 days,MEDIUM,Timestamp issue,a0aef4f5-9fbe-469f-8a6c-449ca9ef56f1,6f6bcf1a-807c-4326-9920-2a286288152b
155,Timestamp outside last 30 days,MEDIUM,Timestamp issue,781e6ebe-4f4c-41ad-ae0e-f153cd9da168,7d75f6da-c30a-47cc-8cf6-abf4ff329b57
156,Timestamp outside last 30 days,MEDIUM,Timestamp issue,0d5aeae5-c235-4623-b238-546e14697785,bb3ae83d-5971-4f7c-a30a-31311de50a94
157,Timestamp outside last 30 days,MEDIUM,Timestamp issue,752bbe4e-7add-4e31-b723-8ec5fbc9410c,d1424f71-8c45-4ccd-82c2-83b9b4653002
158,Timestamp outside last 30 days,MEDIUM,Timestamp issue,f0a0f026-cd3e-4fb4-a092-a974b1887b77,2fd8b6fa-99d4-4ce1-ae7d-f444a2cbf336
159,Timestamp outside last 30 days,MEDIUM,Timestamp issue,dcd9c168-3f21-4afd-aed1-951a4f855642,82ef415a-b913-47eb-96ec-1af2f8cecd34
160,Timestamp outside last 30 days,MEDIUM,Timestamp issue,6fb5bee1-b820-43c0-b396-c3f30f30a3e9,7821def3-ebf4-4a2d-acbe-5c1d9ab89193
161,Timestamp outside last 30 days,MEDIUM,Timestamp issue,53e89a70-94f9-41ce-aa7a-5efbbb20d248,f8e9cb1b-dfbb-451b-aa16-cbdc9f80bd36
162,Timestamp outside last 30 days,MEDIUM,Timestamp issue,49259d12-18ef-49df-9e84-2bd19683354a,1fdba437-a3ae-4a97-b61c-7de4dfc67c91
163,Timestamp outside last 30 days,MEDIUM,Timestamp issue,63df3ed9-3f83-498d-aa3d-b1c03b56c5aa,8e832995-27fe-4288-9d9b-aaeb31c6d657
164,Timestamp outside last 30 days,MEDIUM,Timestamp issue,b079c47c-7a36-4431-97e6-baa3e9d93336,835546f8-7688-450f-891f-d1296591602e
165,Timestamp outside last 30 days,MEDIUM,Timestamp issue,aff2d4aa-5e83-4a27-9b9a-e11c0f39e51a,3321b215-c19e-405d-8fb6-90afca09d67b
166,Timestamp outside last 30 days,MEDIUM,Timestamp issue,ba3b5013-cac5-4d5a-8624-0efe2d16512e,d1424f71-8c45-4ccd-82c2-83b9b4653002
167,Timestamp outside last 30 days,MEDIUM,Timestamp issue,1e22366e-8bd3-49fd-b59c-694cb0690e11,f5c638ef-9dfb-42b6-bbe4-ee52f20b8d51
168,Timestamp outside last 30 days,MEDIUM,Timestamp issue,20abb8af-6784-47a1-b183-7f8d6b5aac4e,34eee7ac-3ae8-4daf-8138-dc1caa32f062
169,Timestamp outside last 30 days,MEDIUM,Timestamp issue,09604eb2-bbbf-4a0f-b8b5-21c59166a695,835546f8-7688-450f-891f-d1296591602e
170,Timestamp outside last 30 days,MEDIUM,Timestamp issue,8f94c48a-7e99-4fde-8f03-8de6b4140aef,9a49b0fd-eaf1-46ff-aab6-7a15d82ee406
171,Timestamp outside last 30 days,MEDIUM,Timestamp issue,b7655d8f-3284-40e0-8c1d-de348fd3b71f,601ff377-000f-47c6-8c6b-4bfefa9efb65
172,Timestamp outside last 30 days,MEDIUM,Timestamp issue,c9a368c1-4dee-4d90-a813-4bb950c290bc,8e8990c5-1c30-4d92-ab5d-b0ad4a53f89d
173,Timestamp outside last 30 days,MEDIUM,Timestamp issue,b7923ecf-b72c-490b-8524-17116e42150d,2860e530-b5ee-4828-98d7-4584689b2928
174,Timestamp outside last 30 days,MEDIUM,Timestamp issue,b70be7f0-654b-4eb2-9c78-26cb18771528,7927f846-3ef7-4bc2-a70e-fa02288b33c8
175,Timestamp outside last 30 days,MEDIUM,Timestamp issue,c01f3faa-8f64-4a79-a9d6-79a2a09ef7ee,3714ba6b-724a-441e-b685-6a547013bb6a
176,Timestamp outside last 30 days,MEDIUM,Timestamp issue,e583b58a-ef95-4524-830f-5af600b6f238,1f2eae4b-d609-4d6d-aca7-1ac11f814278
177,Timestamp outside last 30 days,MEDIUM,Timestamp issue,471b4f32-225b-4c06-9e26-8eb90733a6f9,21194207-c8aa-48b6-b518-a0b3ad98ad94
178,Timestamp outside last 30 days,MEDIUM,Timestamp issue,67d857d8-0965-463e-b0ab-9e67017eddbe,741c3404-9813-4d95-83bb-ad66a56bf881
179,Timestamp outside last 30 days,MEDIUM,Timestamp issue,864598b4-edbe-4b27-b488-430fd0f34e71,57ce3c67-3685-430e-9301-c7cfcec88c29
180,Timestamp outside last 30 days,MEDIUM,Timestamp issue,b978db61-84a7-4654-864c-887026e123cc,4f0092bf-7622-4c47-8b18-a0a03f74626c
181,Timestamp outside last 30 days,MEDIUM,Timestamp issue,8a6e4d44-228c-45fc-ad6b-ef4b461d81c7,f02a6120-b858-49c0-a91f-eb08ace1e130
182,Timestamp outside last 30 days,MEDIUM,Timestamp issue,42059d48-a436-46ec-a3e5-5b2b85efb0f7,171923e7-bb5c-4723-9972-a2cdc04f06c8
183,Timestamp outside last 30 days,MEDIUM,Timestamp issue,613a4c70-9fa0-4481-b80b-faab3430027c,21194207-c8aa-48b6-b518-a0b3ad98ad94
184,Timestamp outside last 30 days,MEDIUM,Timestamp issue,abff4770-20f0-4c6e-8804-b9988e141bd8,1eae6dd7-614e-470d-93fc-c2cde255bde0
185,Timestamp outside last 30 days,MEDIUM,Timestamp issue,b2a17267-75dc-4daa-8ad1-921dca080302,13f45ef6-af9c-48aa-8c41-44265aa8982c
186,Timestamp outside last 30 days,MEDIUM,Timestamp issue,9aa9657a-1ae6-462b-9039-aadffbab36b7,47f50bcc-8964-4a33-8e25-e32b94dc2272
187,Timestamp outside last 30 days,MEDIUM,Timestamp issue,50763798-c57d-49eb-9483-25ad38790edd,4f0092bf-7622-4c47-8b18-a0a03f74626c
188,Timestamp outside last 30 days,MEDIUM,Timestamp issue,27697ebb-1fd8-4bc0-85e2-e276ca951935,1b55087d-776e-48b5-85f6-f7481b0ed902
189,Timestamp outside last 30 days,MEDIUM,Timestamp issue,ee4ccb98-4b98-4642-b7cd-fbec0b016309,157e37bf-c953-4dd7-9a61-3384eda90a67
190,Timestamp outside last 30 days,MEDIUM,Timestamp issue,90be611f-effa-49bd-94f8-19ab08355ee2,dea780b0-99b3-4414-81e9-c182291c6e14
191,Timestamp outside last 30 days,MEDIUM,Timestamp issue,555d1ea5-35ff-4c98-ab07-2719822d0157,5d533a38-beed-44b0-af58-e09468a135ee
192,Timestamp outside last 30 days,MEDIUM,Timestamp issue,3770876e-d6d4-4a81-af95-adfe295ef492,2c0b9fce-9dfc-4271-9be6-f4f7e5ad8a92
193,Timestamp outside last 30 days,MEDIUM,Timestamp issue,6dc9352d-f447-44c9-9f30-090bca1192a9,10fef64f-7a99-4e7c-9fa7-56bd4c11d7b9
194,Timestamp outside last 30 days,MEDIUM,Timestamp issue,8e4d2dab-82bb-4ec1-adc1-52bfc4a1aca3,dea780b0-99b3-4414-81e9-c182291c6e14
195,Timestamp outside last 30 days,MEDIUM,Timestamp issue,38c3c2dd-67d0-4b4e-8822-a276417816c6,ad1424b8-96c9-4db0-b715-11f07657971d
196,Timestamp outside last 30 days,MEDIUM,Timestamp issue,b039f824-dd5e-4a00-8b95-cac7f1ceeaa5,2fea5df6-7445-47a1-b617-54e5c165da45
197,Timestamp outside last 30 days,MEDIUM,Timestamp issue,3d316438-7781-467c-84ec-f61ea57934d6,d6f9cd08-f4ca-4383-a525-825b5305b29a
198,Timestamp outside last 30 days,MEDIUM,Timestamp issue,b85ef8b6-2f3e-4404-bb5a-1cca1dfa512e,3e7868d6-dd48-4607-a531-896d61b76817
199,Timestamp outside last 30 days,MEDIUM,Timestamp issue,026e53e9-3fb9-43b1-bf81-f9c5271be56b,57ce3c67-3685-430e-9301-c7cfcec88c29
200,Timestamp outside last 30 days,MEDIUM,Timestamp issue,3f7504e9-3c91-49e5-b68c-7f250ed22057,7c068c56-ad95-4059-b4d9-eb58b654683b
201,Timestamp outside last 30 days,MEDIUM,Timestamp issue,a486e184-ee59-4783-8cb3-b07e40a51ba8,dee9578c-89ba-46ed-912f-bd163ebf9dae
202,Timestamp outside last 30 days,MEDIUM,Timestamp issue,15866c3b-ec44-441b-b2a0-60a04e449cec,7a244352-338d-4754-8754-0b6443ac7e14
203,Timestamp outside last 30 days,MEDIUM,Timestamp issue,f85df6c2-ebe6-4afd-9c3f-c7c36ed7db78,bda7b269-752d-41c7-acc2-9009284cf5ef
204,Timestamp outside last 30 days,MEDIUM,Timestamp issue,e3069a1b-e7cb-45a7-a516-221284f65f58,246e5067-c41b-46da-b8f1-7c98dbfb3164
205,Timestamp outside last 30 days,MEDIUM,Timestamp issue,3a2f20b6-ed4d-46e8-84a7-ca1ebbdb7e34,5a0b4f48-9653-45b9-a7f7-ed353e18e1c9
206,Timestamp outside last 30 days,MEDIUM,Timestamp issue,20cd648a-ebb4-4873-a7f4-065880b7e5bd,02aa29e0-973d-451b-9a72-69906cd9fdc8
207,Timestamp outside last 30 days,MEDIUM,Timestamp issue,c3e18d57-5c2c-417d-b3ac-90834ce7f74b,57ce3c67-3685-430e-9301-c7cfcec88c29
208,Timestamp outside last 30 days,MEDIUM,Timestamp issue,449564b9-cbca-4910-a266-d42543dbb0da,464e1243-5458-4fc8-8bba-7ee3515b0a17
209,Timestamp outside last 30 days,MEDIUM,Timestamp issue,be3e1c6a-6be2-4bb5-853c-2c30df6503e7,51a1519f-912f-4e30-82e1-69e7a17cbd2b
210,Timestamp outside last 30 days,MEDIUM,Timestamp issue,ce652389-ffa4-46cd-987a-435549b3e049,661002c1-24b7-4829-a370-b0e240a0d546
211,Timestamp outside last 30 days,MEDIUM,Timestamp issue,400a8eb7-011d-46bf-9b30-64fb6f1f2138,1f518004-d4db-4846-9cd3-771aab7c1906
212,Timestamp outside last 30 days,MEDIUM,Timestamp issue,3b2b0ea2-ee76-41ab-922d-10ee4f1e8214,8cd896f5-5264-4cb6-b582-5253cf38aa11
213,Timestamp outside last 30 days,MEDIUM,Timestamp issue,b0fbf80a-b755-4cc4-b997-6cc5ef003c31,81bc1fad-2255-411c-829d-3ba2c147dd3a
214,Timestamp outside last 30 days,MEDIUM,Timestamp issue,a0ef2237-1a45-4ad1-a3bf-31bbd67f042a,76e1f60c-fb9a-45b6-878d-aa2e91c50b02
215,Timestamp outside last 30 days,MEDIUM,Timestamp issue,75b48f89-31ca-4c9a-95ff-0dc638a63b61,3321b215-c19e-405d-8fb6-90afca09d67b
216,Timestamp outside last 30 days,MEDIUM,Timestamp issue,78b42593-ce67-4bd3-9463-f63a3e31b84d,dd6868a5-a36f-446a-bc9d-6645756b9dae
217,Timestamp outside last 30 days,MEDIUM,Timestamp issue,363c6c82-b2d4-4d5d-b712-2df206c42ee8,11deaa9c-7892-4cc5-9483-7f2f02ccc096
218,Timestamp outside last 30 days,MEDIUM,Timestamp issue,d6d7397b-8999-4cd6-a16f-4aca97efa041,f02a6120-b858-49c0-a91f-eb08ace1e130
220,Timestamp outside last 30 days,MEDIUM,Timestamp issue,4e55528b-d0a8-4010-b26f-374cac4348b6,f3e2111e-ba82-4af6-a4ab-0ea2782a1b11
221,Timestamp outside last 30 days,MEDIUM,Timestamp issue,88fdd817-6a6f-4eb6-895e-c1525e0718ef,b8ff691d-9882-45fd-afc4-66fc16cf2246
222,Timestamp outside last 30 days,MEDIUM,Timestamp issue,2d3ce552-0cc3-4d9a-8a33-3b1a7cc69b4d,246e5067-c41b-46da-b8f1-7c98dbfb3164
223,Timestamp outside last 30 days,MEDIUM,Timestamp issue,6f92b93a-47df-4d78-bf3b-f6441392a741,bdc66c06-428b-4283-be01-5790205c449e
224,Timestamp outside last 30 days,MEDIUM,Timestamp issue,4cb71cea-ccfb-46a9-a8d6-97ee93fccd93,aea9aefe-4e88-4ef8-9ac0-cd15a6682b70
225,Timestamp outside last 30 days,MEDIUM,Timestamp issue,5b15c23c-5876-4d19-955c-d0aa66430254,8d9d32ce-7637-4e6f-a4f3-170f70522777
226,Timestamp outside last 30 days,MEDIUM,Timestamp issue,e85f7ff9-c0e6-4908-b099-e704a22062e7,2c0b9fce-9dfc-4271-9be6-f4f7e5ad8a92
227,Timestamp outside last 30 days,MEDIUM,Timestamp issue,9cc10bd1-bd06-4945-bcc0-a969f1abccfc,13f45ef6-af9c-48aa-8c41-44265aa8982c
228,Timestamp outside last 30 days,MEDIUM,Timestamp issue,08fd6edf-6eed-4652-a74c-8d0b87155ba9,dea780b0-99b3-4414-81e9-c182291c6e14
229,Timestamp outside last 30 days,MEDIUM,Timestamp issue,acaee809-894e-4d8a-b2f3-15497323de6e,f3135d1a-2e81-48b3-bba6-7eb5d77f3706
230,Timestamp outside last 30 days,MEDIUM,Timestamp issue,de6dad98-c148-4a49-9795-0043fc067f93,a4864430-1d67-454e-af5a-f3ab3bbe7a5a
231,Timestamp outside last 30 days,MEDIUM,Timestamp issue,0250f7c0-ebb2-494b-92e7-6830870bcbc5,152c2e68-eaf4-4848-a1db-0001dc4bb379
232,Timestamp outside last 30 days,MEDIUM,Timestamp issue,8035d58c-6e16-4048-a7ea-d85942e3e12e,5cf15453-ab89-4b63-9865-7e340c15747d
233,Timestamp outside last 30 days,MEDIUM,Timestamp issue,a2538a73-25c6-458d-a73c-90cd98cd9fa5,003e798a-2486-483c-9640-2eb64c80de19
234,Timestamp outside last 30 days,MEDIUM,Timestamp issue,04b5f8f8-b43f-49e4-8a48-29ac9ed4f5be,82ef415a-b913-47eb-96ec-1af2f8cecd34
235,Timestamp outside last 30 days,MEDIUM,Timestamp issue,2d2910cf-f0c8-4670-bff8-7f24bf59bb60,95091c69-e513-4f8f-a9e0-55f9d6a09751
236,Timestamp outside last 30 days,MEDIUM,Timestamp issue,2fa23ce0-24cb-4c62-b6e7-a2bb66826e20,51a1519f-912f-4e30-82e1-69e7a17cbd2b
237,Timestamp outside last 30 days,MEDIUM,Timestamp issue,c796c740-95f5-4d09-b852-c88fa21b7269,96d1183c-089f-4ef9-92b9-3ba6ee9374c0
238,Timestamp outside last 30 days,MEDIUM,Timestamp issue,5b84a249-8f5b-4b21-a9d9-0c08faf3349a,741c3404-9813-4d95-83bb-ad66a56bf881
240,Timestamp outside last 30 days,MEDIUM,Timestamp issue,2eafe224-319d-4545-8849-62c435dd0633,6022a017-8a5b-43fc-8e0d-32fe2053a87d
241,Timestamp outside last 30 days,MEDIUM,Timestamp issue,9ab57ab7-dd5f-4fab-a323-db0b737c4629,f02a6120-b858-49c0-a91f-eb08ace1e130
242,Timestamp outside last 30 days,MEDIUM,Timestamp issue,2d49445e-007c-426e-b0d9-02e642b99db4,55cd83ba-289c-4e8f-9f75-cab51439b2a1
243,Timestamp outside last 30 days,MEDIUM,Timestamp issue,c1abf716-a83a-4cc9-abcc-8950aabe4613,4b6b32a6-0dc4-4cbf-9f49-6ce712a1b8f5
244,Timestamp outside last 30 days,MEDIUM,Timestamp issue,dfb873f4-07c8-4d06-bf4b-8144699ebbe3,8d9d32ce-7637-4e6f-a4f3-170f70522777
245,Timestamp outside last 30 days,MEDIUM,Timestamp issue,772f030a-f130-4f84-8c3e-ce7c3c3c92ea,02aa29e0-973d-451b-9a72-69906cd9fdc8
246,Timestamp outside last 30 days,MEDIUM,Timestamp issue,fdbfa283-6ad6-4dd3-90b6-ee818421569b,10546214-6854-47d9-87b4-ef68f196ff5e
247,Timestamp outside last 30 days,MEDIUM,Timestamp issue,b40b16b4-df7c-4a41-bee3-be0a3dee4d9a,0db267bd-0fff-4ab2-9e71-4fd3ec8b3bc0
248,Timestamp outside last 30 days,MEDIUM,Timestamp issue,7f42b994-f24f-41dc-804f-2c0b20879a06,d1c21604-b6ef-415d-aba0-9cb0d56b1ac3
249,Timestamp outside last 30 days,MEDIUM,Timestamp issue,a7b49e35-135b-4320-8aad-b0caa5880ebc,ede341ea-d3e6-491a-ab22-e42bbdce7459
250,Timestamp outside last 30 days,MEDIUM,Timestamp issue,3a576dbf-dfca-4086-987d-14f6ecdfb61f,f3e2111e-ba82-4af6-a4ab-0ea2782a1b11
251,Timestamp outside last 30 days,MEDIUM,Timestamp issue,dde46c3d-e480-4f79-b04d-51c54122a471,cf2a0446-2c50-4fa5-bf3f-b23d98285c98
252,Timestamp outside last 30 days,MEDIUM,Timestamp issue,060eb1de-04f7-4336-ab28-e330099220d6,bb3ae83d-5971-4f7c-a30a-31311de50a94
253,Timestamp outside last 30 days,MEDIUM,Timestamp issue,6fcaa17d-1707-420b-b61d-253136d5e8f0,1bf79d26-f2ba-4ed8-b8b2-ea2996ef409a
254,Timestamp outside last 30 days,MEDIUM,Timestamp issue,1ee91f2f-50fc-4b94-9968-8df5885ab067,5c7a0887-52db-4e93-ab86-4d6a8b257231
255,Timestamp outside last 30 days,MEDIUM,Timestamp issue,d5722507-d9ef-41fc-a38b-5bfdb259d4be,741c3404-9813-4d95-83bb-ad66a56bf881
256,Timestamp outside last 30 days,MEDIUM,Timestamp issue,9dc1cbaa-6fab-42f2-beae-d02f5a9ca485,1f518004-d4db-4846-9cd3-771aab7c1906
257,Timestamp outside last 30 days,MEDIUM,Timestamp issue,0ff54f1d-3b7e-4f7d-8bf1-a3c62eecf4de,dd6868a5-a36f-446a-bc9d-6645756b9dae
258,Timestamp outside last 30 days,MEDIUM,Timestamp issue,02962513-1895-456c-be91-6907ff777cc7,2fea5df6-7445-47a1-b617-54e5c165da45
259,Timestamp outside last 30 days,MEDIUM,Timestamp issue,be8bd6b2-6295-4b41-83ac-03e5f405bc92,7acb7b04-f20d-4585-90e5-de8ef3a72b0b
260,Timestamp outside last 30 days,MEDIUM,Timestamp issue,f1f6ab8f-b52d-4e83-957c-5725d1f60e98,82ef415a-b913-47eb-96ec-1af2f8cecd34
261,Timestamp outside last 30 days,MEDIUM,Timestamp issue,5c57ff87-6544-451c-849d-9ee6bc552b42,ad1424b8-96c9-4db0-b715-11f07657971d
262,Timestamp outside last 30 days,MEDIUM,Timestamp issue,be5e3d00-0ebe-4bd2-9bf3-e4b02bd5eb4e,75d0ab67-11c0-4b00-be70-978f4e86b387
263,Timestamp outside last 30 days,MEDIUM,Timestamp issue,7dba1188-b5fd-4850-a929-60a59b4c1374,db46e17b-8daf-4d21-a820-a1a2677ff549
264,Timestamp outside last 30 days,MEDIUM,Timestamp issue,ce652389-ffa4-46cd-987a-435549b3e049,661002c1-24b7-4829-a370-b0e240a0d546
265,Timestamp outside last 30 days,MEDIUM,Timestamp issue,37dfd21f-839a-4191-a10f-a828f78bda0d,58aad992-980d-48e9-a66c-3aafc6dddeff
266,Timestamp outside last 30 days,MEDIUM,Timestamp issue,677baae3-99a5-4e05-8fda-5cb213229ac0,1eae6dd7-614e-470d-93fc-c2cde255bde0
267,Timestamp outside last 30 days,MEDIUM,Timestamp issue,9b7edc5d-ed7f-4b37-9b7f-629c15802154,1ffb0f4b-210a-4369-b076-fa9a4addfc23
268,Timestamp outside last 30 days,MEDIUM,Timestamp issue,a6288f4b-7b83-4945-9f3e-3229b6832cbf,14b4eed2-73dc-47fc-901b-6956d12cbba2
269,Timestamp outside last 30 days,MEDIUM,Timestamp issue,098400ab-318e-4b5b-8d13-4a0ad8e5e155,23b9f961-40ca-4840-adf0-00db656ee9e8
270,Timestamp outside last 30 days,MEDIUM,Timestamp issue,033de5e0-6871-4348-af06-7371a92e2027,5528028b-7057-4a40-ba50-e829a6fd9b90
271,Timestamp outside last 30 days,MEDIUM,Timestamp issue,0ddefdb5-d3e1-463c-8393-ff0ea0c716cc,7821def3-ebf4-4a2d-acbe-5c1d9ab89193
272,Timestamp outside last 30 days,MEDIUM,Timestamp issue,aa3b28df-7ae9-45fb-bbce-1dafbd1545e1,63004bce-5fee-42be-bc9c-6039e29d704a
273,Timestamp outside last 30 days,MEDIUM,Timestamp issue,cb023d90-32fa-42b7-84b2-80943c2e1864,96d1183c-089f-4ef9-92b9-3ba6ee9374c0
274,Timestamp outside last 30 days,MEDIUM,Timestamp issue,0438919d-0b3b-4a8f-8212-83cc9f9fc420,42b847f1-c62c-41f1-b0e2-1e5fc2f883fd
275,Timestamp outside last 30 days,MEDIUM,Timestamp issue,9639afc6-3b1a-4772-9481-a68453c81a67,11a0af92-b9e0-43bb-99e2-b2805a260084
276,Timestamp outside last 30 days,MEDIUM,Timestamp issue,53103516-cdbe-47d8-9aeb-2f1ccdf142c7,6ef3e858-f966-4c8b-9963-4774521556e8
277,Timestamp outside last 30 days,MEDIUM,Timestamp issue,acb8b0a3-693d-4c2f-a50d-9fc49ce083d5,dc72b723-076a-497e-a9c8-48e7b57e21cb
278,Timestamp outside last 30 days,MEDIUM,Timestamp issue,c2c2c7a3-ea35-4ea4-8267-ce3f6c152570,848c63a7-11e7-42cf-ade7-c9ad80594b9d
279,Timestamp outside last 30 days,MEDIUM,Timestamp issue,91fd968c-4f20-4cd0-b155-9c8484e17fc4,68997e53-25d0-4b47-9799-7b08da70b62c
280,Timestamp outside last 30 days,MEDIUM,Timestamp issue,ddaab553-ad48-4f84-851c-94c469a65d80,c330c03a-8b01-4db2-8082-427ce5e68857
281,Timestamp outside last 30 days,MEDIUM,Timestamp issue,6d37d4bc-70df-4d9d-9493-f188a1ea962c,91ca5769-55df-4f3f-bf66-5ed1ebf0f5fe
283,Timestamp outside last 30 days,MEDIUM,Timestamp issue,e5fc718c-c383-4ea7-a7cb-f53285603ce7,4503bcf5-11d4-4534-b7a2-841c89fc84fd
284,Timestamp outside last 30 days,MEDIUM,Timestamp issue,13ac5e28-d526-4932-8415-f68a513ffba6,58aad992-980d-48e9-a66c-3aafc6dddeff
285,Timestamp outside last 30 days,MEDIUM,Timestamp issue,471e9383-a9ff-4b0c-bd50-4305cfe3c672,19856955-703e-484b-99d7-6080e3c41aa8
286,Timestamp outside last 30 days,MEDIUM,Timestamp issue,a71509fd-fc2a-4256-999d-c246f94137a3,7d19ef1c-a02f-4088-8edc-24341a46e604
287,Timestamp outside last 30 days,MEDIUM,Timestamp issue,f9643434-ddb3-4d71-b0dd-66e4fada138a,a4864430-1d67-454e-af5a-f3ab3bbe7a5a
288,Timestamp outside last 30 days,MEDIUM,Timestamp issue,df1e88fc-728e-4447-a733-e762ba972a55,89d4195a-6536-4e98-a35f-18834739b59f
289,Timestamp outside last 30 days,MEDIUM,Timestamp issue,f10e2ba5-6f1d-45d4-bb38-224cf5498a5f,68997e53-25d0-4b47-9799-7b08da70b62c
290,Timestamp outside last 30 days,MEDIUM,Timestamp issue,5f34ee12-ada5-421b-aa65-abc443a022bf,5a3ef674-bea0-4dc1-a03a-f852e5f0c2d9
291,Timestamp outside last 30 days,MEDIUM,Timestamp issue,439e2d2c-335a-4de1-9468-daf2bc9c75c5,13f45ef6-af9c-48aa-8c41-44265aa8982c
292,Timestamp outside last 30 days,MEDIUM,Timestamp issue,ecd053f8-11ec-4490-9f01-2e4200ca5757,c2b37eab-a4aa-459b-8f1c-04d149b09b53
293,Timestamp outside last 30 days,MEDIUM,Timestamp issue,23dfa9e5-100b-4da5-b2dc-a44e0af6fb4e,1ffb0f4b-210a-4369-b076-fa9a4addfc23
294,Timestamp outside last 30 days,MEDIUM,Timestamp issue,3dce1a8f-4b4d-42bb-bf9a-39b3f731ccc5,1bf79d26-f2ba-4ed8-b8b2-ea2996ef409a
295,Timestamp outside last 30 days,MEDIUM,Timestamp issue,2aa79387-a16f-4909-9bfb-ce4a10d6db3a,5a3ef674-bea0-4dc1-a03a-f852e5f0c2d9
296,Timestamp outside last 30 days,MEDIUM,Timestamp issue,a1f8c01a-983c-4898-b505-aabbfd0b6429,4dc32b0b-b2eb-4f66-b5a2-eea077563e48
297,Timestamp outside last 30 days,MEDIUM,Timestamp issue,4e25262b-daaa-4a2f-8f3b-aa7bda8bd09b,6ef3e858-f966-4c8b-9963-4774521556e8
298,Timestamp outside last 30 days,MEDIUM,Timestamp issue,82464319-5992-42fb-96eb-428a2476cca5,4cb5a730-52c4-43ec-935b-2d3b0bfd57fc
299,Timestamp outside last 30 days,MEDIUM,Timestamp issue,b867c3d4-0b67-4843-b593-3bf1a569cf89,848c63a7-11e7-42cf-ade7-c9ad80594b9d
300,Timestamp outside last 30 days,MEDIUM,Timestamp issue,2af4a8fd-e381-46de-a282-f142d29dec2a,102c0259-ea9d-4ab6-ad58-8805b452596b
301,Timestamp outside last 30 days,MEDIUM,Timestamp issue,29d28a22-1247-4aeb-9f0f-9e4d3b999a82,2fea5df6-7445-47a1-b617-54e5c165da45
302,Timestamp outside last 30 days,MEDIUM,Timestamp issue,2b4f8115-7781-4967-8634-9c6110a327d0,1f2eae4b-d609-4d6d-aca7-1ac11f814278
303,Timestamp outside last 30 days,MEDIUM,Timestamp issue,ff90ad4d-55fc-4057-9aca-e00ce0160d09,9c04ff50-1681-4994-b38e-0152a07589e7
304,Timestamp outside last 30 days,MEDIUM,Timestamp issue,f7df655b-f55f-4150-a0cb-d417b5e44529,9c04ff50-1681-4994-b38e-0152a07589e7
305,Timestamp outside last 30 days,MEDIUM,Timestamp issue,6b351cb9-ef22-4283-83e7-530b84596c07,c282aede-f90e-4d82-a431-247f438d677d
306,Timestamp outside last 30 days,MEDIUM,Timestamp issue,f06c8d41-0e43-4e03-99b4-54b7ef150368,7d75f6da-c30a-47cc-8cf6-abf4ff329b57
307,Timestamp outside last 30 days,MEDIUM,Timestamp issue,6b737405-14d7-491c-98f2-a759609177c5,ede341ea-d3e6-491a-ab22-e42bbdce7459
308,Timestamp outside last 30 days,MEDIUM,Timestamp issue,6220b341-7d51-465e-962c-701770f8ede5,7c33f83e-9b06-4cc2-a64c-912d8930fe9d
309,Timestamp outside last 30 days,MEDIUM,Timestamp issue,c06afae9-20d0-4c79-8bea-5c12f48f2351,246e5067-c41b-46da-b8f1-7c98dbfb3164
310,Timestamp outside last 30 days,MEDIUM,Timestamp issue,06a006df-31be-4e7a-97d1-d0959d5968bf,1dad937b-39cd-4aca-8661-fe7b5d475433
311,Timestamp outside last 30 days,MEDIUM,Timestamp issue,bee7bcf4-a025-4df4-a5c1-ac0e1e1b489f,1d08fc7a-d7a4-4419-9b1a-ed7f0aec2eca
312,Timestamp outside last 30 days,MEDIUM,Timestamp issue,e69a470b-a30f-43f1-afa6-d23dcdfe10d5,75d0ab67-11c0-4b00-be70-978f4e86b387
313,Timestamp outside last 30 days,MEDIUM,Timestamp issue,aa4d163d-fc92-462b-99d5-e774cc92bfe8,02aa29e0-973d-451b-9a72-69906cd9fdc8
314,Timestamp outside last 30 days,MEDIUM,Timestamp issue,88aed0f7-3728-4525-89e5-6804dd2aa68c,8497672d-8ca4-4a3b-a5ae-d5214c2cea56
315,Timestamp outside last 30 days,MEDIUM,Timestamp issue,a619fb89-d4eb-4c1d-9114-d1f72b7ed857,eef168f7-52cf-4699-b2e5-8ffd974658eb
316,Timestamp outside last 30 days,MEDIUM,Timestamp issue,3b1a70de-3207-4d06-b9fa-2c7d957ffaa8,8b8c500d-f552-4fd1-8a42-980c00247205
317,Timestamp outside last 30 days,MEDIUM,Timestamp issue,64af17db-5957-424b-ab96-6d0efbc56cd4,34eee7ac-3ae8-4daf-8138-dc1caa32f062
318,Timestamp outside last 30 days,MEDIUM,Timestamp issue,ad355f6d-eaa5-4958-86e7-da1677aa03cf,d9991e15-37f6-4a7e-9d5c-ebecf8bece71
319,Timestamp outside last 30 days,MEDIUM,Timestamp issue,b7dfd70b-54ec-4882-84f1-439fb9490050,5cf15453-ab89-4b63-9865-7e340c15747d
320,Timestamp outside last 30 days,MEDIUM,Timestamp issue,7e900a83-37a8-4460-8a3c-8cf643b98052,318acf26-04b1-461c-86b7-87317f167cfd
321,Timestamp outside last 30 days,MEDIUM,Timestamp issue,114ff9d9-0b01-40b9-9515-7f224aa45682,dc72b723-076a-497e-a9c8-48e7b57e21cb
322,Timestamp outside last 30 days,MEDIUM,Timestamp issue,f062a4fc-4ddb-4ff8-b23a-c2693d68f554,75d0ab67-11c0-4b00-be70-978f4e86b387
323,Timestamp outside last 30 days,MEDIUM,Timestamp issue,0239aeb5-33ab-4608-9ed9-c42a084bfe47,bb3ae83d-5971-4f7c-a30a-31311de50a94
324,Timestamp outside last 30 days,MEDIUM,Timestamp issue,4830816b-3951-4b7b-aea4-0d0429536361,5351ac01-c8fb-40e5-9579-8591e454d4ae
325,Timestamp outside last 30 days,MEDIUM,Timestamp issue,75a79105-165d-42db-ae0a-5b775f3edff1,95091c69-e513-4f8f-a9e0-55f9d6a09751
326,Timestamp outside last 30 days,MEDIUM,Timestamp issue,1a703587-afc5-4c74-b303-07d0b90904e1,10546214-6854-47d9-87b4-ef68f196ff5e
327,Timestamp outside last 30 days,MEDIUM,Timestamp issue,90bee0c8-8f5d-4d43-8d57-c2b35319bd6d,8b5b465f-d6b8-4fa4-9c76-ba312b31f31f
328,Timestamp outside last 30 days,MEDIUM,Timestamp issue,c9866d93-8a67-4218-bc6c-b61d1e19db42,1fdba437-a3ae-4a97-b61c-7de4dfc67c91
329,Timestamp outside last 30 days,MEDIUM,Timestamp issue,db3dc9f1-d0a1-4518-8d7e-efc3c3e03200,246e5067-c41b-46da-b8f1-7c98dbfb3164
330,Timestamp outside last 30 days,MEDIUM,Timestamp issue,9f901bb0-fda6-4b5d-9297-900ea452ab5f,b8ff691d-9882-45fd-afc4-66fc16cf2246
331,Timestamp outside last 30 days,MEDIUM,Timestamp issue,a7b49e35-135b-4320-8aad-b0caa5880ebc,ede341ea-d3e6-491a-ab22-e42bbdce7459
332,Timestamp outside last 30 days,MEDIUM,Timestamp issue,89e67cc7-c0cc-4bdd-9817-82364e00e061,102c0259-ea9d-4ab6-ad58-8805b452596b
333,Timestamp outside last 30 days,MEDIUM,Timestamp issue,39f49259-15ff-40fc-aab2-7e68b4a1c878,4dc32b0b-b2eb-4f66-b5a2-eea077563e48
334,Timestamp outside last 30 days,MEDIUM,Timestamp issue,265602eb-adc8-4aae-8ccf-c107f349daa9,568977d1-d3ba-41d8-9a43-c24c542ff3b3
335,Timestamp outside last 30 days,MEDIUM,Timestamp issue,6fc2bf10-c5ec-43e6-8990-bfaa6f9316a5,8fe66351-ddb1-4861-98e3-ee6ae32784f9
336,Timestamp outside last 30 days,MEDIUM,Timestamp issue,e600031d-0144-400e-9f09-24205ac03d66,171923e7-bb5c-4723-9972-a2cdc04f06c8
337,Timestamp outside last 30 days,MEDIUM,Timestamp issue,bb6bfd6c-77a9-4d8d-9b5f-86e893651db2,d1c21604-b6ef-415d-aba0-9cb0d56b1ac3
338,Timestamp outside last 30 days,MEDIUM,Timestamp issue,29140925-bc91-4d9d-9fa6-82de57208a8b,9a8c03eb-d1de-40bc-8443-885ca83bb9a4
339,Timestamp outside last 30 days,MEDIUM,Timestamp issue,618bbb15-e7af-4fbc-87c6-fb8dff09dfec,1c56640b-c068-443f-99ee-d72b1336eb7a
340,Timestamp outside last 30 days,MEDIUM,Timestamp issue,64af17db-5957-424b-ab96-6d0efbc56cd4,34eee7ac-3ae8-4daf-8138-dc1caa32f062
341,Timestamp outside last 30 days,MEDIUM,Timestamp issue,32c594c4-2edb-426a-9977-091f5beddb18,9c947090-bd39-4990-9be2-b3d063037a29
342,Timestamp outside last 30 days,MEDIUM,Timestamp issue,0a52a53e-1405-46fc-8686-c5be545c392d,eff473e5-d827-4d62-8358-291c4347eea5
343,Timestamp outside last 30 days,MEDIUM,Timestamp issue,cc371795-2818-4bdd-a70e-813a6bd61112,3187e98b-de08-41a0-b190-2afe93289ba8
344,Timestamp outside last 30 days,MEDIUM,Timestamp issue,b179e0e1-7405-4de8-a0e2-e9d6f9e6f0fa,84f08b28-ebe2-4e4f-9bfb-acc157eafd6c
345,Timestamp outside last 30 days,MEDIUM,Timestamp issue,9d7ba9de-1eb2-4b37-8550-e1ae19875ffb,9c947090-bd39-4990-9be2-b3d063037a29
346,Timestamp outside last 30 days,MEDIUM,Timestamp issue,2778c1e7-06ba-411a-b83a-ff3d0328423e,1f2eae4b-d609-4d6d-aca7-1ac11f814278
347,Timestamp outside last 30 days,MEDIUM,Timestamp issue,622d8c63-266d-4082-aef1-2154ba77d336,6f53c64a-91f6-41fe-bb63-40f6ba5597b6
348,Timestamp outside last 30 days,MEDIUM,Timestamp issue,d884a008-b962-4008-acb3-013a9efa44e4,6f53c64a-91f6-41fe-bb63-40f6ba5597b6
349,Timestamp outside last 30 days,MEDIUM,Timestamp issue,7c82124d-ba43-41be-b182-012ae23f8b58,06afc732-261f-42e9-b082-81626e6b23e3
350,Timestamp outside last 30 days,MEDIUM,Timestamp issue,3808ed3a-7c5c-4dc9-a29c-5d2a5b553f91,e2050806-79f2-43a7-bc97-77f6d8a5f070
351,Timestamp outside last 30 days,MEDIUM,Timestamp issue,9a97092a-29cc-438f-8d93-3f9f0614c981,2860e530-b5ee-4828-98d7-4584689b2928
352,Timestamp outside last 30 days,MEDIUM,Timestamp issue,7ab8535b-92e1-48fe-a350-acbaf6589574,12748ee4-3124-404d-805a-60defabca9c1
353,Timestamp outside last 30 days,MEDIUM,Timestamp issue,e6724f4e-0146-485f-81f3-ec4a21bc7e5e,7acb7b04-f20d-4585-90e5-de8ef3a72b0b
354,Timestamp outside last 30 days,MEDIUM,Timestamp issue,dc4c27b0-e81f-44ac-b6b5-f27328b79291,5c7a0887-52db-4e93-ab86-4d6a8b257231
355,Timestamp outside last 30 days,MEDIUM,Timestamp issue,f4c160b1-36c8-42f6-906c-b6429b8caa0e,8fe66351-ddb1-4861-98e3-ee6ae32784f9
356,Timestamp outside last 30 days,MEDIUM,Timestamp issue,77d04c26-3614-46c3-a55b-e973fd6884d8,848c63a7-11e7-42cf-ade7-c9ad80594b9d
357,Timestamp outside last 30 days,MEDIUM,Timestamp issue,328523d8-d3c0-48e6-9cca-23f9526b3f2c,5a0b4f48-9653-45b9-a7f7-ed353e18e1c9
358,Timestamp outside last 30 days,MEDIUM,Timestamp issue,5e5b95cc-3969-441d-a82c-68954965b650,dd6868a5-a36f-446a-bc9d-6645756b9dae
359,Timestamp outside last 30 days,MEDIUM,Timestamp issue,5435cdbe-11a0-41df-ada2-1928019c5910,dee9578c-89ba-46ed-912f-bd163ebf9dae
360,Timestamp outside last 30 days,MEDIUM,Timestamp issue,4d32a013-d53c-43c9-a5da-5cf643ce64e8,8e8ab60f-825f-407e-a395-4b6412ae22b9
361,Timestamp outside last 30 days,MEDIUM,Timestamp issue,7acc6240-a345-4fe5-acbd-76e5d4832716,5351ac01-c8fb-40e5-9579-8591e454d4ae
362,Timestamp outside last 30 days,MEDIUM,Timestamp issue,ffcc0521-6ec8-4167-84da-8ae8b9220f95,aaf0335b-b865-4272-b80f-707e63520001
363,Timestamp outside last 30 days,MEDIUM,Timestamp issue,5016e6eb-b40a-47b3-b68d-f945ce607dad,848c63a7-11e7-42cf-ade7-c9ad80594b9d
364,Timestamp outside last 30 days,MEDIUM,Timestamp issue,2e39bfe3-14b9-4b8d-bfd6-bd0de65ae396,2860e530-b5ee-4828-98d7-4584689b2928
365,Timestamp outside last 30 days,MEDIUM,Timestamp issue,217c7e61-12b1-4a7e-9344-d10b9bb48990,4b6b32a6-0dc4-4cbf-9f49-6ce712a1b8f5
366,Timestamp outside last 30 days,MEDIUM,Timestamp issue,c6bf982e-fd5c-475f-955c-c3ecac6331b6,6f53c64a-91f6-41fe-bb63-40f6ba5597b6
367,Timestamp outside last 30 days,MEDIUM,Timestamp issue,b76aac42-46ba-4e6a-ac42-173e15031c29,9a49b0fd-eaf1-46ff-aab6-7a15d82ee406
368,Timestamp outside last 30 days,MEDIUM,Timestamp issue,97bad08c-15dc-43a6-948e-85c31e409717,d1c21604-b6ef-415d-aba0-9cb0d56b1ac3
369,Timestamp outside last 30 days,MEDIUM,Timestamp issue,86183b17-6046-460e-9bb5-b44b80f92e2f,bbe446d9-b2e1-4b26-8e7e-8353652941c8
370,Timestamp outside last 30 days,MEDIUM,Timestamp issue,14ff0dc8-da1c-45fa-9894-28ea831c13eb,89e4b926-e4bc-4ac8-87c4-2dafb504ba6e
371,Timestamp outside last 30 days,MEDIUM,Timestamp issue,04b5f8f8-b43f-49e4-8a48-29ac9ed4f5be,82ef415a-b913-47eb-96ec-1af2f8cecd34
372,Timestamp outside last 30 days,MEDIUM,Timestamp issue,700df989-f6a0-4e83-b25d-d84b7e2d8458,945ed0c9-e121-4c30-9755-f3303d4603db
373,Timestamp outside last 30 days,MEDIUM,Timestamp issue,0a59d185-79fb-4b5a-83f7-9c064ed7aef8,76e1f60c-fb9a-45b6-878d-aa2e91c50b02
374,Timestamp outside last 30 days,MEDIUM,Timestamp issue,764ca369-63bd-420b-8aa0-7ad5ffa8a56a,835546f8-7688-450f-891f-d1296591602e
375,Timestamp outside last 30 days,MEDIUM,Timestamp issue,96fc7753-cae6-4bff-8330-1a67dc9a0117,568977d1-d3ba-41d8-9a43-c24c542ff3b3
376,Timestamp outside last 30 days,MEDIUM,Timestamp issue,2979299d-02ec-4e26-9580-bd2a972d7269,152c2e68-eaf4-4848-a1db-0001dc4bb379
377,Timestamp outside last 30 days,MEDIUM,Timestamp issue,aa6ffc96-fc8f-4795-9c8e-ab4c8e1ae4ed,171923e7-bb5c-4723-9972-a2cdc04f06c8
378,Timestamp outside last 30 days,MEDIUM,Timestamp issue,286bb601-8fc7-4ed0-aa7c-3ea6fa6132f1,8fc5573f-c966-4726-a6b5-1e7c3c67e559
379,Timestamp outside last 30 days,MEDIUM,Timestamp issue,4469eb4b-b7d3-486c-9417-53dedcbe9d9d,f8e9cb1b-dfbb-451b-aa16-cbdc9f80bd36
380,Timestamp outside last 30 days,MEDIUM,Timestamp issue,0a0136ff-97d0-436d-abe8-f5688c8b4995,601ff377-000f-47c6-8c6b-4bfefa9efb65
381,Timestamp outside last 30 days,MEDIUM,Timestamp issue,1ecde37b-beac-4e7a-bb90-5edc662a8444,794edb86-ff35-466c-b46a-9cf864288de7
382,Timestamp outside last 30 days,MEDIUM,Timestamp issue,c4d5c8ec-1fa2-44c8-a4d4-935f915af4d9,2f0b1436-8697-41f1-a288-c0d8fcb512e6
384,Timestamp outside last 30 days,MEDIUM,Timestamp issue,d991070a-ca5a-4531-b238-19ec410b9708,45c1e6be-1632-4d42-82b5-ff3b3fd9b863
385,Timestamp outside last 30 days,MEDIUM,Timestamp issue,5967c162-392b-4d6d-a539-2ccebd6a200c,92ccad33-c36f-4221-a628-778bb14dc43c
386,Timestamp outside last 30 days,MEDIUM,Timestamp issue,9d905d91-5962-4225-a5d8-09f385da78cf,5adc8db7-a721-45bd-bfc6-bd0dc5696671
387,Timestamp outside last 30 days,MEDIUM,Timestamp issue,15b6fcb2-ab3a-4cf4-bcdf-970e531d5463,bfaa2907-b201-4afb-8089-0bf47564cd11
388,Timestamp outside last 30 days,MEDIUM,Timestamp issue,e68aa2b0-e051-45ad-85eb-26cf03d057fd,5351ac01-c8fb-40e5-9579-8591e454d4ae
389,Timestamp outside last 30 days,MEDIUM,Timestamp issue,45131853-d8ba-4a6f-bd25-75a37b5edb52,8fc5573f-c966-4726-a6b5-1e7c3c67e559
390,Timestamp outside last 30 days,MEDIUM,Timestamp issue,f09da0c6-0415-48f3-9a3b-1c0bcfb0655a,f04c40b3-270c-4290-9ceb-c86b1dc3e691
391,Timestamp outside last 30 days,MEDIUM,Timestamp issue,9c8a26aa-d03c-4d66-8f12-abed5fd2c3c7,8b8c500d-f552-4fd1-8a42-980c00247205
392,Timestamp outside last 30 days,MEDIUM,Timestamp issue,9ce7daf7-dca2-4310-9f92-4fade03b3215,a27a7099-5570-4606-8b9d-9cb4bda2398b
393,Timestamp outside last 30 days,MEDIUM,Timestamp issue,86b5c5d4-a474-4ade-b09a-864a06306702,4503bcf5-11d4-4534-b7a2-841c89fc84fd
394,Timestamp outside last 30 days,MEDIUM,Timestamp issue,dacbe3cc-970e-49a3-878d-3577b2111ceb,1ee37f06-5db0-4a54-838c-a5bec81f02f1
395,Timestamp outside last 30 days,MEDIUM,Timestamp issue,24da19a5-744b-4c25-9a73-dd227c3a4d1e,5d533a38-beed-44b0-af58-e09468a135ee
396,Timestamp outside last 30 days,MEDIUM,Timestamp issue,14a5e56d-8c0e-4b58-b575-6cb5e6897416,6f6bcf1a-807c-4326-9920-2a286288152b
397,Timestamp outside last 30 days,MEDIUM,Timestamp issue,3de44a2c-84e2-4f1b-943c-6f0990676b71,10546214-6854-47d9-87b4-ef68f196ff5e
398,Timestamp outside last 30 days,MEDIUM,Timestamp issue,e512bdb4-415f-4bef-90b1-37f47d4e3255,dee9578c-89ba-46ed-912f-bd163ebf9dae
399,Timestamp outside last 30 days,MEDIUM,Timestamp issue,88ff6a23-bca9-4307-9417-d622acc78b3b,82ef415a-b913-47eb-96ec-1af2f8cecd34
400,Timestamp outside last 30 days,MEDIUM,Timestamp issue,5716c794-a419-4e58-8ead-6b09028c3de1,1bf79d26-f2ba-4ed8-b8b2-ea2996ef409a
401,Timestamp outside last 30 days,MEDIUM,Timestamp issue,7ab50356-ffda-48f1-9462-a56ef2fe67d6,7d75f6da-c30a-47cc-8cf6-abf4ff329b57
402,Timestamp outside last 30 days,MEDIUM,Timestamp issue,4c8c8c0f-5fc7-43cb-a725-45a8a3d1c2cf,db46e17b-8daf-4d21-a820-a1a2677ff549
403,Timestamp outside last 30 days,MEDIUM,Timestamp issue,e313b132-bc25-4f63-9950-59985b6d3936,74caa256-e7a2-42d2-8f4e-9fec89c41602
404,Timestamp outside last 30 days,MEDIUM,Timestamp issue,9871127b-cc5c-4f4e-8c09-378aafff13b8,3187e98b-de08-41a0-b190-2afe93289ba8
405,Timestamp outside last 30 days,MEDIUM,Timestamp issue,7f9803b9-9ef0-4280-96be-05bc93b9d3de,7ca57aee-4f80-4dea-8df7-bd9287d5d5be
406,Timestamp outside last 30 days,MEDIUM,Timestamp issue,2cd5596c-1ec3-463d-b821-7bb7cc6ec26e,db46e17b-8daf-4d21-a820-a1a2677ff549
407,Timestamp outside last 30 days,MEDIUM,Timestamp issue,f63a33c2-207b-453b-99ce-82419be4ec77,161a5530-bf2c-4564-8ed1-5316064968a9
408,Timestamp outside last 30 days,MEDIUM,Timestamp issue,f30f746e-8144-4c05-9207-ebfab464e95b,fd77978c-9b17-4cf8-9576-0ead1f0a7d6d
409,Timestamp outside last 30 days,MEDIUM,Timestamp issue,d20e7fa8-6b6f-4090-a747-caf3ce83b998,7acb7b04-f20d-4585-90e5-de8ef3a72b0b
410,Timestamp outside last 30 days,MEDIUM,Timestamp issue,4876c02c-01df-412e-87bd-72ec9240dee4,dd6868a5-a36f-446a-bc9d-6645756b9dae
411,Timestamp outside last 30 days,MEDIUM,Timestamp issue,f76fa78d-dac2-42b7-868d-a544daf92c2d,929a5754-14cc-476c-80b9-eaddfc06ee83
412,Timestamp outside last 30 days,MEDIUM,Timestamp issue,d6b55c4e-e358-4905-8a6c-9ffcd147360b,6f6bcf1a-807c-4326-9920-2a286288152b
413,Timestamp outside last 30 days,MEDIUM,Timestamp issue,a25caaca-11c8-4b34-9975-cb36f8b75516,55cd83ba-289c-4e8f-9f75-cab51439b2a1
414,Timestamp outside last 30 days,MEDIUM,Timestamp issue,debd92e2-e37c-4f14-bd55-99e9e1a1cde8,1bf79d26-f2ba-4ed8-b8b2-ea2996ef409a
415,Timestamp outside last 30 days,MEDIUM,Timestamp issue,c645deea-debe-413f-8a51-0a6aae135672,945ed0c9-e121-4c30-9755-f3303d4603db
416,Timestamp outside last 30 days,MEDIUM,Timestamp issue,e6724f4e-0146-485f-81f3-ec4a21bc7e5e,7acb7b04-f20d-4585-90e5-de8ef3a72b0b
417,Timestamp outside last 30 days,MEDIUM,Timestamp issue,7eacdf19-1663-446e-8592-26935244b57f,003e798a-2486-483c-9640-2eb64c80de19
418,Timestamp outside last 30 days,MEDIUM,Timestamp issue,dd29cd6c-d8d9-4d29-89dc-e14b467e2ba9,4f0092bf-7622-4c47-8b18-a0a03f74626c
419,Timestamp outside last 30 days,MEDIUM,Timestamp issue,4c95feeb-5781-4f67-9ea5-6f0ece7ea4f6,fd77978c-9b17-4cf8-9576-0ead1f0a7d6d
420,Timestamp outside last 30 days,MEDIUM,Timestamp issue,ce4c5153-4908-45c3-b479-2442235f1dbf,12748ee4-3124-404d-805a-60defabca9c1
421,Timestamp outside last 30 days,MEDIUM,Timestamp issue,d8c1f43b-3b54-4d10-aa5d-fe5f9ae4bf8b,aaf0335b-b865-4272-b80f-707e63520001
422,Timestamp outside last 30 days,MEDIUM,Timestamp issue,00b45cde-e17c-4a49-ba6b-e4295e72ca5a,d89c64b1-5bd4-4867-9450-455f259459e9
423,Timestamp outside last 30 days,MEDIUM,Timestamp issue,10b72f96-849a-49cf-b00d-261aaefe8afc,a27a7099-5570-4606-8b9d-9cb4bda2398b
424,Timestamp outside last 30 days,MEDIUM,Timestamp issue,9acc161b-7731-440c-91cd-98e6fb7a4e2c,8fc5573f-c966-4726-a6b5-1e7c3c67e559
425,Timestamp outside last 30 days,MEDIUM,Timestamp issue,f41b215b-4d19-4c38-b482-cf307e9a7706,1eae6dd7-614e-470d-93fc-c2cde255bde0
426,Timestamp outside last 30 days,MEDIUM,Timestamp issue,1c02bf45-afc3-4869-a6f2-9676570de568,152c2e68-eaf4-4848-a1db-0001dc4bb379
427,Timestamp outside last 30 days,MEDIUM,Timestamp issue,50a70dee-9f8f-4d72-a791-7b5625498bde,89e4b926-e4bc-4ac8-87c4-2dafb504ba6e
428,Timestamp outside last 30 days,MEDIUM,Timestamp issue,b1f6c4d4-48bb-41cd-bbe4-a036ae960fc2,bc1dd34e-e2b4-40a5-be33-17fcb448363d
429,Timestamp outside last 30 days,MEDIUM,Timestamp issue,d78814e4-4ec1-4846-a782-d1ae0337dc48,45c1e6be-1632-4d42-82b5-ff3b3fd9b863
430,Timestamp outside last 30 days,MEDIUM,Timestamp issue,8e060b52-ffc2-4c1b-8764-b29e2b3eeeff,1d08fc7a-d7a4-4419-9b1a-ed7f0aec2eca
431,Timestamp outside last 30 days,MEDIUM,Timestamp issue,93b03e70-4290-4c32-9677-4020b1c8a3f2,2c0b9fce-9dfc-4271-9be6-f4f7e5ad8a92
432,Timestamp outside last 30 days,MEDIUM,Timestamp issue,4a0d262f-37ba-4659-9535-cc7942a1ce32,91ca5769-55df-4f3f-bf66-5ed1ebf0f5fe
433,Timestamp outside last 30 days,MEDIUM,Timestamp issue,01f120bb-7f1f-4c55-9ea3-3f4e81310e99,6a02f8e2-ddb0-468b-92fa-abdeca96b274
434,Timestamp outside last 30 days,MEDIUM,Timestamp issue,15e0953b-1934-4fe7-ae0d-b33a7803390e,003e798a-2486-483c-9640-2eb64c80de19
435,Timestamp outside last 30 days,MEDIUM,Timestamp issue,6fb1d433-980a-4945-9c48-ea4bb11a876e,5adc8db7-a721-45bd-bfc6-bd0dc5696671
436,Timestamp outside last 30 days,MEDIUM,Timestamp issue,f98abde9-2a14-425b-9728-4e0686e27948,34eee7ac-3ae8-4daf-8138-dc1caa32f062
437,Timestamp outside last 30 days,MEDIUM,Timestamp issue,d47a274b-6c6e-4574-be59-e59dcaa206b7,3ae631c7-9378-4467-8d8b-418f043e2e1f
438,Timestamp outside last 30 days,MEDIUM,Timestamp issue,b8ce5642-c482-47a0-bec1-ce9fe503fd8b,7a244352-338d-4754-8754-0b6443ac7e14
439,Timestamp outside last 30 days,MEDIUM,Timestamp issue,148e00ae-294b-444d-b9f3-22a4fd5fbbd9,db46e17b-8daf-4d21-a820-a1a2677ff549
440,Timestamp outside last 30 days,MEDIUM,Timestamp issue,2e1dad4b-9bb2-4faa-afd8-ee034df21fd2,bda7b269-752d-41c7-acc2-9009284cf5ef
441,Timestamp outside last 30 days,MEDIUM,Timestamp issue,69336eaf-74e6-4749-a4ed-a0d6c568bb6a,5a0c94fe-d38d-42db-8596-33aea1720d8f
442,Timestamp outside last 30 days,MEDIUM,Timestamp issue,a9739276-5830-4269-a191-13901aefc6f8,06afc732-261f-42e9-b082-81626e6b23e3
443,Timestamp outside last 30 days,MEDIUM,Timestamp issue,4a0d262f-37ba-4659-9535-cc7942a1ce32,91ca5769-55df-4f3f-bf66-5ed1ebf0f5fe
444,Timestamp outside last 30 days,MEDIUM,Timestamp issue,176b2271-7be9-4c36-860d-b9570777c3a3,102c0259-ea9d-4ab6-ad58-8805b452596b
445,Timestamp outside last 30 days,MEDIUM,Timestamp issue,ae025e84-f1c2-4af2-a7a9-54aed8ff8176,7ca57aee-4f80-4dea-8df7-bd9287d5d5be
446,Timestamp outside last 30 days,MEDIUM,Timestamp issue,baf4ced1-372f-498a-86d8-79c15e7649d0,8fe66351-ddb1-4861-98e3-ee6ae32784f9
447,Timestamp outside last 30 days,MEDIUM,Timestamp issue,e38821df-9611-49b5-882b-2550ccca6add,57ce3c67-3685-430e-9301-c7cfcec88c29
448,Timestamp outside last 30 days,MEDIUM,Timestamp issue,be2a0d00-139c-4d8c-a5b0-25304d546ce0,5cf15453-ab89-4b63-9865-7e340c15747d
449,Timestamp outside last 30 days,MEDIUM,Timestamp issue,f1aa8ec2-6048-4e13-a0d2-782ce45377e4,3ae631c7-9378-4467-8d8b-418f043e2e1f
450,Timestamp outside last 30 days,MEDIUM,Timestamp issue,1e7a7dbf-ba0b-4444-97ff-dfae8face064,bbe446d9-b2e1-4b26-8e7e-8353652941c8
451,Timestamp outside last 30 days,MEDIUM,Timestamp issue,15239fbb-f6c9-4ebc-9d9f-e0fef66a0d6b,fd77978c-9b17-4cf8-9576-0ead1f0a7d6d
452,Timestamp outside last 30 days,MEDIUM,Timestamp issue,e97e3fb9-cce3-4c6a-a790-3970532fdc44,1dad937b-39cd-4aca-8661-fe7b5d475433
453,Timestamp outside last 30 days,MEDIUM,Timestamp issue,532d6f02-c102-4747-8966-5130632d2453,771b2b82-37c5-4bf9-ab4e-cec62570edd6
454,Timestamp outside last 30 days,MEDIUM,Timestamp issue,f779a943-5cf8-4e10-ae88-86fdda1b6dde,ad2d75a2-7d2d-46da-bf60-b2b7171504b8
455,Timestamp outside last 30 days,MEDIUM,Timestamp issue,3eea3172-4b18-4586-8c77-e26887b29919,4f0092bf-7622-4c47-8b18-a0a03f74626c
456,Timestamp outside last 30 days,MEDIUM,Timestamp issue,86d64a24-d806-4563-8047-c07c94e6b49a,8e832995-27fe-4288-9d9b-aaeb31c6d657
457,Timestamp outside last 30 days,MEDIUM,Timestamp issue,85d74a79-cf45-42ef-b115-e569f9b83d67,4b6b32a6-0dc4-4cbf-9f49-6ce712a1b8f5
458,Timestamp outside last 30 days,MEDIUM,Timestamp issue,901fb4ec-309e-41e4-abd2-ead1fa84da2c,4dc32b0b-b2eb-4f66-b5a2-eea077563e48
459,Timestamp outside last 30 days,MEDIUM,Timestamp issue,864fb8ef-6ccb-43cc-a739-ffac86c7fc9b,dafa04d5-6dbe-4512-87ae-708606c34a54
460,Timestamp outside last 30 days,MEDIUM,Timestamp issue,ef1fd12f-e44a-4c62-9888-d2aceeeec55e,a7a7dfe6-307f-44c1-9d87-4e59fac80852
461,Timestamp outside last 30 days,MEDIUM,Timestamp issue,e3ce9d5f-ae57-4fa5-9bfb-6dfa1d2ef980,ad2d75a2-7d2d-46da-bf60-b2b7171504b8
462,Timestamp outside last 30 days,MEDIUM,Timestamp issue,8566ec48-f26e-4064-8639-7e20ea58866e,c282aede-f90e-4d82-a431-247f438d677d
463,Timestamp outside last 30 days,MEDIUM,Timestamp issue,508aec74-a29b-421e-bc5a-9c40f2833b53,eff473e5-d827-4d62-8358-291c4347eea5
465,Timestamp outside last 30 days,MEDIUM,Timestamp issue,8a3cba66-78d1-47ba-9921-add7cd100af1,bdd9c83f-ad22-4aef-9590-bf00ee9b44d2
466,Timestamp outside last 30 days,MEDIUM,Timestamp issue,856e356e-84d1-4c2e-a7f9-af6ce2264338,1f2eae4b-d609-4d6d-aca7-1ac11f814278
467,Timestamp outside last 30 days,MEDIUM,Timestamp issue,82d5c8bb-6fb3-4435-957a-302db63988c1,57ce3c67-3685-430e-9301-c7cfcec88c29
468,Timestamp outside last 30 days,MEDIUM,Timestamp issue,c17fef87-2859-4002-911f-fa5cb44db1fc,c282aede-f90e-4d82-a431-247f438d677d
469,Timestamp outside last 30 days,MEDIUM,Timestamp issue,c13ad245-9aca-4e2a-a219-7d738f604e37,171923e7-bb5c-4723-9972-a2cdc04f06c8
470,Timestamp outside last 30 days,MEDIUM,Timestamp issue,8d656f8a-2457-4d77-a970-33bb45daba4b,c330c03a-8b01-4db2-8082-427ce5e68857
471,Timestamp outside last 30 days,MEDIUM,Timestamp issue,72373e89-074d-4930-834c-e0f7e5f43c08,dd6868a5-a36f-446a-bc9d-6645756b9dae
472,Timestamp outside last 30 days,MEDIUM,Timestamp issue,95927d75-c874-4aa8-ac57-c810a2c477ff,15e394fd-5fde-4286-91eb-0a67ca5d2ed5
473,Timestamp outside last 30 days,MEDIUM,Timestamp issue,43b08d47-335e-46ff-8644-9dbe035817f1,0db267bd-0fff-4ab2-9e71-4fd3ec8b3bc0
474,Timestamp outside last 30 days,MEDIUM,Timestamp issue,03152ee3-539f-497a-95aa-8c37752e19d2,89e4b926-e4bc-4ac8-87c4-2dafb504ba6e
475,Timestamp outside last 30 days,MEDIUM,Timestamp issue,890e5e4e-10cd-4705-b982-dee4b45bb339,12ba5be1-30e8-4611-ad83-19c774a1aafa
476,Timestamp outside last 30 days,MEDIUM,Timestamp issue,42209678-79f0-4094-9cfd-734b0259bd14,57ce3c67-3685-430e-9301-c7cfcec88c29
477,Timestamp outside last 30 days,MEDIUM,Timestamp issue,a3e1205c-9da7-4e77-8be3-ec1169d90c55,ad2d75a2-7d2d-46da-bf60-b2b7171504b8
478,Timestamp outside last 30 days,MEDIUM,Timestamp issue,29dc7738-7200-42d9-9e47-f0e60d41d989,8cd896f5-5264-4cb6-b582-5253cf38aa11
479,Timestamp outside last 30 days,MEDIUM,Timestamp issue,76aa5414-3dc1-459f-b2d1-9090cd686c66,1bf79d26-f2ba-4ed8-b8b2-ea2996ef409a
480,Timestamp outside last 30 days,MEDIUM,Timestamp issue,f82b0def-4296-4a31-9577-6c26c21d68d8,5351ac01-c8fb-40e5-9579-8591e454d4ae
481,Timestamp outside last 30 days,MEDIUM,Timestamp issue,63665e93-2914-413a-a16d-27dbb3a1543e,5adc8db7-a721-45bd-bfc6-bd0dc5696671
482,Timestamp outside last 30 days,MEDIUM,Timestamp issue,db88c723-a67d-4132-9a79-060a4b83baa4,11deaa9c-7892-4cc5-9483-7f2f02ccc096
483,Timestamp outside last 30 days,MEDIUM,Timestamp issue,45c6a6ab-0866-4872-b259-838c9efe90e3,2860e530-b5ee-4828-98d7-4584689b2928
484,Timestamp outside last 30 days,MEDIUM,Timestamp issue,a7961da3-d465-463e-a0d4-d0d1e6afeec3,d89c64b1-5bd4-4867-9450-455f259459e9
485,Timestamp outside last 30 days,MEDIUM,Timestamp issue,56b9a2a3-0087-4bb2-af17-4c4c8b05ca7f,3321db6c-2f30-4d09-8132-6f74750a97ea
486,Timestamp outside last 30 days,MEDIUM,Timestamp issue,48d28f56-7aea-4bc9-8365-cdee8dd88ea2,a6f61ed8-5237-4fc1-b09d-4e38d3d66d1c
487,Timestamp outside last 30 days,MEDIUM,Timestamp issue,734de62c-3e23-49ff-973b-4a21b79ef870,464e1243-5458-4fc8-8bba-7ee3515b0a17
488,Timestamp outside last 30 days,MEDIUM,Timestamp issue,3335fd88-20b9-4afe-b7a6-47967b94e01a,9c04ff50-1681-4994-b38e-0152a07589e7
489,Timestamp outside last 30 days,MEDIUM,Timestamp issue,b3a3bb5a-5d75-45b8-b52a-b541cee893ef,aaf0335b-b865-4272-b80f-707e63520001
490,Timestamp outside last 30 days,MEDIUM,Timestamp issue,5b1426d2-9571-4949-b7d6-7eda39b5ef03,3cc5305c-9ae2-4dd6-b66e-4739ea1002bf
491,Timestamp outside last 30 days,MEDIUM,Timestamp issue,284f4c45-550b-4fe5-a7dd-75ebf1e3b41b,ede341ea-d3e6-491a-ab22-e42bbdce7459
492,Timestamp outside last 30 days,MEDIUM,Timestamp issue,295bb3d4-7fe2-4a30-9a6f-ef554aa5d707,c5059fc4-875f-47de-90eb-908955476ab4
493,Timestamp outside last 30 days,MEDIUM,Timestamp issue,304bd931-07ce-45ca-af84-a4bc8a00d51f,c282aede-f90e-4d82-a431-247f438d677d
494,Timestamp outside last 30 days,MEDIUM,Timestamp issue,b687fecb-3a51-47e4-8c73-951235509726,1eae6dd7-614e-470d-93fc-c2cde255bde0
495,Timestamp outside last 30 days,MEDIUM,Timestamp issue,ff2ea860-ba0a-42ad-8608-259190b3e491,97d38fd0-47ab-4109-83ba-e9fcea52a0e6
496,Timestamp outside last 30 days,MEDIUM,Timestamp issue,7bceb8a1-f291-4bb2-9185-3ee2db42a672,1c56640b-c068-443f-99ee-d72b1336eb7a
497,Timestamp outside last 30 days,MEDIUM,Timestamp issue,e8514985-871a-4f55-a4a6-b1c357f6a0a3,a27a7099-5570-4606-8b9d-9cb4bda2398b
498,Timestamp outside last 30 days,MEDIUM,Timestamp issue,5d7721a8-cf05-4b8e-a31e-05316777e2e5,95091c69-e513-4f8f-a9e0-55f9d6a09751
499,Timestamp outside last 30 days,MEDIUM,Timestamp issue,68730023-c167-4293-8d6e-bbdcae22eff6,a6f61ed8-5237-4fc1-b09d-4e38d3d66d1c
500,Timestamp outside last 30 days,MEDIUM,Timestamp issue,c43740d8-4285-419c-8ae0-0e495e5c2a2b,f7b04dba-0456-4a21-ac69-154884f99368
501,Timestamp outside last 30 days,MEDIUM,Timestamp issue,2f25e9bf-07f9-40aa-8e83-731bc9095a09,2daaa8fa-3aed-404d-97ed-7cc760a3a9cf
502,Timestamp outside last 30 days,MEDIUM,Timestamp issue,e8205d6e-6de7-4835-9051-e95366f25838,2fea5df6-7445-47a1-b617-54e5c165da45
503,Timestamp outside last 30 days,MEDIUM,Timestamp issue,a5ad0983-8206-4e5e-a8af-ba23f34330fd,bed99863-128c-4e84-a5a8-7c5b52b72c2c
504,Timestamp outside last 30 days,MEDIUM,Timestamp issue,215a8f67-3e89-4a9f-80af-b96f6e02bd48,2860e530-b5ee-4828-98d7-4584689b2928
505,Timestamp outside last 30 days,MEDIUM,Timestamp issue,f1919c64-264f-47ba-9c73-1bd2b1decc85,d214a927-b70d-4ed7-97e9-fc9edeaf189b
506,Timestamp outside last 30 days,MEDIUM,Timestamp issue,b21b5ca2-d702-499e-a66e-8a8337590bae,a4864430-1d67-454e-af5a-f3ab3bbe7a5a
507,Timestamp outside last 30 days,MEDIUM,Timestamp issue,092d35d5-3a53-4d02-84d5-95efa3e09791,5a3ef674-bea0-4dc1-a03a-f852e5f0c2d9
508,Timestamp outside last 30 days,MEDIUM,Timestamp issue,700df989-f6a0-4e83-b25d-d84b7e2d8458,945ed0c9-e121-4c30-9755-f3303d4603db
509,Timestamp outside last 30 days,MEDIUM,Timestamp issue,4dd5f552-2796-40fe-a95b-1bda5f8a4765,3321db6c-2f30-4d09-8132-6f74750a97ea
510,Timestamp outside last 30 days,MEDIUM,Timestamp issue,716e738e-6fa6-489a-904d-57d79387dbf1,45c1e6be-1632-4d42-82b5-ff3b3fd9b863
511,Timestamp outside last 30 days,MEDIUM,Timestamp issue,05ff8070-f079-447a-9b49-65f42169de89,3321b215-c19e-405d-8fb6-90afca09d67b
512,Timestamp outside last 30 days,MEDIUM,Timestamp issue,93bef0df-8a38-48ca-a56f-3fe72c6c10ea,10fef64f-7a99-4e7c-9fa7-56bd4c11d7b9
513,Timestamp outside last 30 days,MEDIUM,Timestamp issue,4dac8a05-7068-493d-b8d1-3ddcfa2757b4,34e72600-df72-46c4-91b4-9a4a6bef0e35
514,Timestamp outside last 30 days,MEDIUM,Timestamp issue,f7f8979b-201b-4088-a466-5cdec9736564,9c04ff50-1681-4994-b38e-0152a07589e7
516,Timestamp outside last 30 days,MEDIUM,Timestamp issue,9c4755dc-0a07-460c-8119-408dadc68aeb,14b4eed2-73dc-47fc-901b-6956d12cbba2
517,Timestamp outside last 30 days,MEDIUM,Timestamp issue,42c071e1-d477-4f0a-929c-75dd0a1edede,7a244352-338d-4754-8754-0b6443ac7e14
518,Timestamp outside last 30 days,MEDIUM,Timestamp issue,9b45c9aa-28c2-4bee-a5df-b15feeba3242,7acb7b04-f20d-4585-90e5-de8ef3a72b0b
519,Timestamp outside last 30 days,MEDIUM,Timestamp issue,60c878c1-dac3-46d6-8b77-43c851ea1d7a,ffa3eb11-0bb0-4b14-8041-a956555c55fd
520,Timestamp outside last 30 days,MEDIUM,Timestamp issue,d9e8b4ab-6dbf-4fa3-b94f-9732f8ebaa46,dd6868a5-a36f-446a-bc9d-6645756b9dae
521,Timestamp outside last 30 days,MEDIUM,Timestamp issue,0ff7fe80-deed-4981-96af-87c520543edb,2bab7232-a25a-492a-ad1d-48b6ebecf8dd
522,Timestamp outside last 30 days,MEDIUM,Timestamp issue,0e4eea4a-71c8-49dd-9827-efcf770d1598,97d38fd0-47ab-4109-83ba-e9fcea52a0e6
523,Timestamp outside last 30 days,MEDIUM,Timestamp issue,ea38988d-5ad2-493e-9cf1-86c5f773546c,91ca5769-55df-4f3f-bf66-5ed1ebf0f5fe
525,Timestamp outside last 30 days,MEDIUM,Timestamp issue,a1126266-b3cf-42f0-a458-b4c3b313b88c,d4f3fee8-8a04-4d33-9ae5-6410b3a14c42
526,Timestamp outside last 30 days,MEDIUM,Timestamp issue,e3afb312-20a4-4a85-a3e0-85984c4b0d2a,82ef415a-b913-47eb-96ec-1af2f8cecd34
527,Timestamp outside last 30 days,MEDIUM,Timestamp issue,8c3f8c6e-7cf0-4664-b6cd-f1ad204b1846,f6bd3438-2722-4d2f-b7c4-ff1623700f65
528,Timestamp outside last 30 days,MEDIUM,Timestamp issue,554c10ab-4648-404e-be46-1c59e2528318,c2400c68-136c-4ee8-92e1-d4cc3beb6924
529,Timestamp outside last 30 days,MEDIUM,Timestamp issue,11c02aea-fe0a-41e7-af21-8ee3aac47a02,7d75f6da-c30a-47cc-8cf6-abf4ff329b57
530,Timestamp outside last 30 days,MEDIUM,Timestamp issue,54c779a1-f5d3-4984-88b5-423ab81ac881,81bc1fad-2255-411c-829d-3ba2c147dd3a
531,Timestamp outside last 30 days,MEDIUM,Timestamp issue,86123e05-9cca-4d13-b739-7a040e92ae00,5adc8db7-a721-45bd-bfc6-bd0dc5696671
532,Timestamp outside last 30 days,MEDIUM,Timestamp issue,8cee5bad-d9f6-4234-bf11-f92df6c11e7d,ad2d75a2-7d2d-46da-bf60-b2b7171504b8
534,Timestamp outside last 30 days,MEDIUM,Timestamp issue,41577ab0-4064-403c-8526-97473f702143,bbe446d9-b2e1-4b26-8e7e-8353652941c8
535,Timestamp outside last 30 days,MEDIUM,Timestamp issue,5a5df345-575f-464b-a204-f9ea94b43527,1c0fe729-e7d9-4ae7-9f0b-5518129a914e
536,Timestamp outside last 30 days,MEDIUM,Timestamp issue,eb106a8d-34fe-4139-83ac-f3ab430442a5,8cd896f5-5264-4cb6-b582-5253cf38aa11
537,Timestamp outside last 30 days,MEDIUM,Timestamp issue,21b84b33-a3a8-404e-a23a-2f0fef273b00,2860e530-b5ee-4828-98d7-4584689b2928
538,Timestamp outside last 30 days,MEDIUM,Timestamp issue,6a606127-983c-46ad-9f8f-f318d646cb21,b250c05f-3029-4ea6-91b7-7d351a98016f
539,Timestamp outside last 30 days,MEDIUM,Timestamp issue,8e25c649-0386-45fc-9386-f487ba94e44c,945ed0c9-e121-4c30-9755-f3303d4603db
540,Timestamp outside last 30 days,MEDIUM,Timestamp issue,45249c6f-2a5e-4db5-a2be-d46216cc7d61,d03eca90-4f0f-45b0-a5ef-9ca18920d33b
541,Timestamp outside last 30 days,MEDIUM,Timestamp issue,e4715791-7fef-462c-aefd-cd6581643a34,5a0c94fe-d38d-42db-8596-33aea1720d8f
542,Timestamp outside last 30 days,MEDIUM,Timestamp issue,d7ba1a27-04b9-463c-aa19-9d8bc5e2a077,ad2d75a2-7d2d-46da-bf60-b2b7171504b8
543,Timestamp outside last 30 days,MEDIUM,Timestamp issue,5f5b99c1-83d6-4284-a5f1-1f165cef2281,6ef3e858-f966-4c8b-9963-4774521556e8
544,Timestamp outside last 30 days,MEDIUM,Timestamp issue,0d5da01b-0800-4e64-a889-507be006478b,55cd83ba-289c-4e8f-9f75-cab51439b2a1
545,Timestamp outside last 30 days,MEDIUM,Timestamp issue,ecad6255-a523-4302-ac07-9065226cff1d,e2050806-79f2-43a7-bc97-77f6d8a5f070
546,Timestamp outside last 30 days,MEDIUM,Timestamp issue,913738bb-1c6a-4b60-9c06-712db817dc63,d9991e15-37f6-4a7e-9d5c-ebecf8bece71
547,Timestamp outside last 30 days,MEDIUM,Timestamp issue,f5fa3b2e-c2d1-439d-a793-f052fed96955,454339d7-b5e5-4463-a13d-41c3e90655cd
548,Timestamp outside last 30 days,MEDIUM,Timestamp issue,02e03948-af2c-4904-8d80-99ec449f6bdf,9a8c03eb-d1de-40bc-8443-885ca83bb9a4
549,Timestamp outside last 30 days,MEDIUM,Timestamp issue,66bcb3b5-aa13-4c02-b06c-58c9861cc91d,bc1dd34e-e2b4-40a5-be33-17fcb448363d
550,Timestamp outside last 30 days,MEDIUM,Timestamp issue,fd965b5a-d13e-412a-a43f-4f2a54618061,f04c40b3-270c-4290-9ceb-c86b1dc3e691
551,Timestamp outside last 30 days,MEDIUM,Timestamp issue,5898fa29-963f-489a-8d53-1733414d801c,f8e9cb1b-dfbb-451b-aa16-cbdc9f80bd36
552,Timestamp outside last 30 days,MEDIUM,Timestamp issue,26b4e1b1-953f-49bd-bce7-e68618680fdc,a6994423-7ab7-43f6-b568-8ff4cc7cffd5
553,Timestamp outside last 30 days,MEDIUM,Timestamp issue,1d02a6df-2046-4d9e-b301-a4551633a646,3ae631c7-9378-4467-8d8b-418f043e2e1f
554,Timestamp outside last 30 days,MEDIUM,Timestamp issue,7b14d050-d705-421a-a55f-971d8a483811,8d9d32ce-7637-4e6f-a4f3-170f70522777
555,Timestamp outside last 30 days,MEDIUM,Timestamp issue,b3e494cb-08b8-453c-a6b8-804068159ef0,a7a7dfe6-307f-44c1-9d87-4e59fac80852
556,Timestamp outside last 30 days,MEDIUM,Timestamp issue,e2e3cd03-dd8b-47ce-9485-e25323a91d24,822daaec-55f6-4348-baa8-89082a338c6b
557,Timestamp outside last 30 days,MEDIUM,Timestamp issue,d709462b-f240-41b7-9178-82c786d2473b,27a01ad5-efe2-4aa8-8dcd-031893f87143
558,Timestamp outside last 30 days,MEDIUM,Timestamp issue,52897b15-adaf-4033-8bd4-a219ad1265cc,aea9aefe-4e88-4ef8-9ac0-cd15a6682b70
559,Timestamp outside last 30 days,MEDIUM,Timestamp issue,7629af61-3fca-46fe-bfbf-a3375c7ef8f4,7c068c56-ad95-4059-b4d9-eb58b654683b
560,Timestamp outside last 30 days,MEDIUM,Timestamp issue,6d9a794f-adc6-43c4-9b0a-fcbf9d6f002a,d1c21604-b6ef-415d-aba0-9cb0d56b1ac3
561,Timestamp outside last 30 days,MEDIUM,Timestamp issue,7ea0169b-226b-49b7-9156-cc657fb1ee0e,152c2e68-eaf4-4848-a1db-0001dc4bb379
562,Timestamp outside last 30 days,MEDIUM,Timestamp issue,e0e32f32-c692-4eab-aa34-d8288d37198a,9a8c03eb-d1de-40bc-8443-885ca83bb9a4
563,Timestamp outside last 30 days,MEDIUM,Timestamp issue,bbe9349b-0b8b-482b-a5b5-300894f1790a,2fea5df6-7445-47a1-b617-54e5c165da45
564,Timestamp outside last 30 days,MEDIUM,Timestamp issue,8ed60c39-6960-4b61-8609-89ca23460781,d03eca90-4f0f-45b0-a5ef-9ca18920d33b
565,Timestamp outside last 30 days,MEDIUM,Timestamp issue,e70190d5-8358-47ba-8464-688fbeb23f79,ffa3eb11-0bb0-4b14-8041-a956555c55fd
566,Timestamp outside last 30 days,MEDIUM,Timestamp issue,1ee7605f-97ae-4b7a-8e34-272352c9c40f,5c7a0887-52db-4e93-ab86-4d6a8b257231
567,Timestamp outside last 30 days,MEDIUM,Timestamp issue,89147112-3603-43c5-b06e-cf7d61290a85,45c1e6be-1632-4d42-82b5-ff3b3fd9b863
568,Timestamp outside last 30 days,MEDIUM,Timestamp issue,8f77699e-65b0-4783-a9ab-db9a0c50efd5,10fef64f-7a99-4e7c-9fa7-56bd4c11d7b9
569,Timestamp outside last 30 days,MEDIUM,Timestamp issue,fc832afc-e04f-4bc6-873c-02fcf35c0184,a1e6862d-afca-4a49-b474-f89f19325727
570,Timestamp outside last 30 days,MEDIUM,Timestamp issue,6cd4577c-be2a-4a76-908b-4b28ff3da403,92ccad33-c36f-4221-a628-778bb14dc43c
571,Timestamp outside last 30 days,MEDIUM,Timestamp issue,72d028c5-0257-4999-a082-5b65777af74a,7821def3-ebf4-4a2d-acbe-5c1d9ab89193
572,Timestamp outside last 30 days,MEDIUM,Timestamp issue,e831fae4-51a0-469e-a7c6-23e3d929ca75,11deaa9c-7892-4cc5-9483-7f2f02ccc096
573,Timestamp outside last 30 days,MEDIUM,Timestamp issue,4f2babf6-f064-4371-b00b-433f627ffbe8,161a5530-bf2c-4564-8ed1-5316064968a9
574,Timestamp outside last 30 days,MEDIUM,Timestamp issue,733cd8be-8c38-433a-9591-65f29273986a,95091c69-e513-4f8f-a9e0-55f9d6a09751
575,Timestamp outside last 30 days,MEDIUM,Timestamp issue,37387e90-30e2-4ebe-9c5b-1f25f49d06ef,3714ba6b-724a-441e-b685-6a547013bb6a
576,Timestamp outside last 30 days,MEDIUM,Timestamp issue,638d0015-3fa4-435a-b866-855577277744,c06e6a59-3517-4f50-a77c-449e6bf87dee
577,Timestamp outside last 30 days,MEDIUM,Timestamp issue,27ad9091-e24c-451c-8f15-e11cc414a64e,741c3404-9813-4d95-83bb-ad66a56bf881
578,Timestamp outside last 30 days,MEDIUM,Timestamp issue,e876a84d-8f38-4ec1-8e8c-73a7918015ed,91ca5769-55df-4f3f-bf66-5ed1ebf0f5fe
579,Timestamp outside last 30 days,MEDIUM,Timestamp issue,70271761-56ae-4b93-bec3-3599401a7655,f8e9cb1b-dfbb-451b-aa16-cbdc9f80bd36
580,Timestamp outside last 30 days,MEDIUM,Timestamp issue,07595632-955c-4635-ac8e-7bbe89ca1b5f,601ff377-000f-47c6-8c6b-4bfefa9efb65
581,Timestamp outside last 30 days,MEDIUM,Timestamp issue,f7490146-3c5e-458f-bb1e-ea2ae2cb3523,f3135d1a-2e81-48b3-bba6-7eb5d77f3706
582,Timestamp outside last 30 days,MEDIUM,Timestamp issue,c3354e22-2910-4dad-8f85-749633321c3e,2daaa8fa-3aed-404d-97ed-7cc760a3a9cf
583,Timestamp outside last 30 days,MEDIUM,Timestamp issue,77a9e917-bfe0-46aa-97e7-7a83acaff1c3,47f50bcc-8964-4a33-8e25-e32b94dc2272
584,Timestamp outside last 30 days,MEDIUM,Timestamp issue,93b07541-7aa8-46e1-a478-8d8b9968445d,2bab7232-a25a-492a-ad1d-48b6ebecf8dd
585,Timestamp outside last 30 days,MEDIUM,Timestamp issue,024b523c-ec81-43a5-ba61-15b280fc520d,568977d1-d3ba-41d8-9a43-c24c542ff3b3
586,Timestamp outside last 30 days,MEDIUM,Timestamp issue,8eee359b-437a-4c1a-b64f-dd2f93d999ed,9c947090-bd39-4990-9be2-b3d063037a29
587,Timestamp outside last 30 days,MEDIUM,Timestamp issue,ba5bcd72-93cd-4acf-8fae-e6bf85c811ba,42b847f1-c62c-41f1-b0e2-1e5fc2f883fd
588,Timestamp outside last 30 days,MEDIUM,Timestamp issue,22b979d0-4f39-4179-a132-3e255d595257,5528028b-7057-4a40-ba50-e829a6fd9b90
589,Timestamp outside last 30 days,MEDIUM,Timestamp issue,66a33ce7-7e99-423f-a14b-cd54c9d65673,55cd83ba-289c-4e8f-9f75-cab51439b2a1
590,Timestamp outside last 30 days,MEDIUM,Timestamp issue,da9b1df5-ce45-4120-b9aa-558aa98d7df2,3ae631c7-9378-4467-8d8b-418f043e2e1f
591,Timestamp outside last 30 days,MEDIUM,Timestamp issue,df0a6acb-9064-4cc0-b0b9-de9998313c1c,e79d203b-5f4e-4698-92fe-5ec34d6f01f1
592,Timestamp outside last 30 days,MEDIUM,Timestamp issue,25eb55f9-2194-4760-afa2-03c5f1e7c19d,26845409-3a21-4d0a-acb6-3181ce346624
593,Timestamp outside last 30 days,MEDIUM,Timestamp issue,1ab38a43-e9f6-40c2-b41f-cb0097069095,47f50bcc-8964-4a33-8e25-e32b94dc2272
594,Timestamp outside last 30 days,MEDIUM,Timestamp issue,d8ae0415-b367-4ee3-bf46-e49f51566f7d,5c7a0887-52db-4e93-ab86-4d6a8b257231
595,Timestamp outside last 30 days,MEDIUM,Timestamp issue,47f81991-6f32-4f1f-bd1d-919419cd2bcf,171923e7-bb5c-4723-9972-a2cdc04f06c8
596,Timestamp outside last 30 days,MEDIUM,Timestamp issue,0aa8ac23-0cbe-4ffe-aec0-277eddda0cac,81bc1fad-2255-411c-829d-3ba2c147dd3a
597,Timestamp outside last 30 days,MEDIUM,Timestamp issue,260f2efb-df79-4993-84fb-0173c0ceda4b,8fe66351-ddb1-4861-98e3-ee6ae32784f9
598,Timestamp outside last 30 days,MEDIUM,Timestamp issue,7bb360f6-7f71-4919-8718-1abf464f7ffb,aaf0335b-b865-4272-b80f-707e63520001
599,Timestamp outside last 30 days,MEDIUM,Timestamp issue,a0577f05-ed7e-483b-a6df-c3cad15c9b4a,e79d203b-5f4e-4698-92fe-5ec34d6f01f1
600,Timestamp outside last 30 days,MEDIUM,Timestamp issue,d5d6e3b6-358b-4b40-8b1f-935d2ed893ed,68997e53-25d0-4b47-9799-7b08da70b62c
601,Timestamp outside last 30 days,MEDIUM,Timestamp issue,3720afe1-19c6-479b-ae74-60c4547cef38,b250c05f-3029-4ea6-91b7-7d351a98016f
602,Timestamp outside last 30 days,MEDIUM,Timestamp issue,1760a87a-60a7-45f3-8b51-ed77b3bafb4c,794edb86-ff35-466c-b46a-9cf864288de7
603,Timestamp outside last 30 days,MEDIUM,Timestamp issue,ef3dec17-6a24-48a2-90a7-b8f7feef897f,2bab7232-a25a-492a-ad1d-48b6ebecf8dd
604,Timestamp outside last 30 days,MEDIUM,Timestamp issue,3e2977bf-f9f6-447b-9077-1e881e6f072c,3714ba6b-724a-441e-b685-6a547013bb6a
605,Timestamp outside last 30 days,MEDIUM,Timestamp issue,d64ec915-0e42-492b-b2c6-413ba83ea2bd,2afb967d-4875-4344-bdfd-2f18326c9810
606,Timestamp outside last 30 days,MEDIUM,Timestamp issue,aa04158f-3ea4-4586-9a30-f2ee08e478e4,4e4ee406-e49b-461a-bac7-ad0d93799348
607,Timestamp outside last 30 days,MEDIUM,Timestamp issue,c2a6d320-d71f-43df-84a6-762b899b31b8,bcd9af5d-d80f-43f7-8f61-c7d71d0f8448
608,Timestamp outside last 30 days,MEDIUM,Timestamp issue,b51aac8a-f09f-44a2-ae6f-e4f8548cde62,2fd8b6fa-99d4-4ce1-ae7d-f444a2cbf336
609,Timestamp outside last 30 days,MEDIUM,Timestamp issue,b71dc684-e5d8-452b-840d-6123eb5616ad,a27a7099-5570-4606-8b9d-9cb4bda2398b
610,Timestamp outside last 30 days,MEDIUM,Timestamp issue,6686f61c-e2c7-435b-8b91-1fb3d5ae8445,dee9578c-89ba-46ed-912f-bd163ebf9dae
611,Timestamp outside last 30 days,MEDIUM,Timestamp issue,f238dd74-d914-4f4c-934e-f7f82b6326c2,5adc8db7-a721-45bd-bfc6-bd0dc5696671
612,Timestamp outside last 30 days,MEDIUM,Timestamp issue,3ee36dff-fbf4-4ba2-b0ba-e59f9b80f305,161a5530-bf2c-4564-8ed1-5316064968a9
613,Timestamp outside last 30 days,MEDIUM,Timestamp issue,14545db6-9a94-46ef-a89e-cf2e131e73eb,d6f9cd08-f4ca-4383-a525-825b5305b29a
614,Timestamp outside last 30 days,MEDIUM,Timestamp issue,8ed16afc-be00-48cb-8e57-4abad8614ef0,7d75f6da-c30a-47cc-8cf6-abf4ff329b57
615,Timestamp outside last 30 days,MEDIUM,Timestamp issue,40e60939-1991-4672-aec1-4df5a4512f82,c282aede-f90e-4d82-a431-247f438d677d
616,Timestamp outside last 30 days,MEDIUM,Timestamp issue,c2f2597d-8f68-49c0-bc9c-f6a4a65a31dd,f02a6120-b858-49c0-a91f-eb08ace1e130
617,Timestamp outside last 30 days,MEDIUM,Timestamp issue,f771ec46-29f5-437f-9793-798672eb12ff,f02a6120-b858-49c0-a91f-eb08ace1e130
618,Timestamp outside last 30 days,MEDIUM,Timestamp issue,7be415bf-66cb-44ae-b3a1-4cfbaa2a08b0,2fea5df6-7445-47a1-b617-54e5c165da45
619,Timestamp outside last 30 days,MEDIUM,Timestamp issue,65abad16-d9ac-4534-b9d5-716c6692c754,34e72600-df72-46c4-91b4-9a4a6bef0e35
620,Timestamp outside last 30 days,MEDIUM,Timestamp issue,90184e6b-3086-4b9e-a710-2f4207109d77,3e7868d6-dd48-4607-a531-896d61b76817
621,Timestamp outside last 30 days,MEDIUM,Timestamp issue,265602eb-adc8-4aae-8ccf-c107f349daa9,568977d1-d3ba-41d8-9a43-c24c542ff3b3
622,Timestamp outside last 30 days,MEDIUM,Timestamp issue,5cffec1b-9bbc-43fa-a896-5aba88aba801,2afb967d-4875-4344-bdfd-2f18326c9810
623,Timestamp outside last 30 days,MEDIUM,Timestamp issue,07560e5e-2455-4648-ba15-c3025b806c43,10fef64f-7a99-4e7c-9fa7-56bd4c11d7b9
624,Timestamp outside last 30 days,MEDIUM,Timestamp issue,edae3b8b-2fc5-4635-8d94-53957abd79fa,6f6bcf1a-807c-4326-9920-2a286288152b
625,Timestamp outside last 30 days,MEDIUM,Timestamp issue,422e1161-aac2-4aab-be40-20b2295cd9e7,75d0ab67-11c0-4b00-be70-978f4e86b387
626,Timestamp outside last 30 days,MEDIUM,Timestamp issue,8be07ecd-7933-45e9-9b6d-b568d8b93868,ed36bcff-f626-4181-8400-c89021aa8770
627,Timestamp outside last 30 days,MEDIUM,Timestamp issue,36591429-a28e-4bd4-912a-8da4e11b0508,bfaa2907-b201-4afb-8089-0bf47564cd11
628,Timestamp outside last 30 days,MEDIUM,Timestamp issue,912b935f-e689-475a-9cdf-dc491362caf3,1eae6dd7-614e-470d-93fc-c2cde255bde0
629,Timestamp outside last 30 days,MEDIUM,Timestamp issue,a88b4dd2-f907-4092-a138-48bce501e919,d43cd6fe-dfe5-4cb7-893d-4ad9c29d21d0
630,Timestamp outside last 30 days,MEDIUM,Timestamp issue,a8c2af6a-04b7-4f32-b4b4-828fadced988,bed99863-128c-4e84-a5a8-7c5b52b72c2c
631,Timestamp outside last 30 days,MEDIUM,Timestamp issue,27961bb3-7c9a-4929-b881-e4d2d2eafacb,dd6868a5-a36f-446a-bc9d-6645756b9dae
632,Timestamp outside last 30 days,MEDIUM,Timestamp issue,120ebd44-0f01-4907-9fb0-e9eca2df89fb,89e4b926-e4bc-4ac8-87c4-2dafb504ba6e
633,Timestamp outside last 30 days,MEDIUM,Timestamp issue,f62040e6-138b-4e72-9b03-d6ce06547657,bb0d383f-218f-445b-b320-8ddf0ad7ea62
634,Timestamp outside last 30 days,MEDIUM,Timestamp issue,53a81c61-7561-4ee0-bb1d-f4150d94e350,89d4195a-6536-4e98-a35f-18834739b59f
635,Timestamp outside last 30 days,MEDIUM,Timestamp issue,711127ef-5ff5-47d3-a7dd-8527b8ad0d5a,d43cd6fe-dfe5-4cb7-893d-4ad9c29d21d0
636,Timestamp outside last 30 days,MEDIUM,Timestamp issue,54fdd6ab-cdd1-4de0-8b63-404eefccf41b,bb0d383f-218f-445b-b320-8ddf0ad7ea62
637,Timestamp outside last 30 days,MEDIUM,Timestamp issue,f591f265-d227-4db0-b1e4-2da94b4c3c14,4cb5a730-52c4-43ec-935b-2d3b0bfd57fc
638,Timestamp outside last 30 days,MEDIUM,Timestamp issue,8a922a8f-f756-4951-916b-f51b6bad6d90,3321db6c-2f30-4d09-8132-6f74750a97ea
639,Timestamp outside last 30 days,MEDIUM,Timestamp issue,866ae35e-8bc9-4963-8bbc-47234f53eb5f,dc72b723-076a-497e-a9c8-48e7b57e21cb
640,Timestamp outside last 30 days,MEDIUM,Timestamp issue,2a9585fb-80d4-44cf-b0df-07e6fa04ea37,bdd9c83f-ad22-4aef-9590-bf00ee9b44d2
641,Timestamp outside last 30 days,MEDIUM,Timestamp issue,65fe4996-d1db-473b-a4e9-5499d30b96d9,d43cd6fe-dfe5-4cb7-893d-4ad9c29d21d0
642,Timestamp outside last 30 days,MEDIUM,Timestamp issue,b475ef12-6bfc-46b7-9be5-5d0fc2ea55e0,26845409-3a21-4d0a-acb6-3181ce346624
643,Timestamp outside last 30 days,MEDIUM,Timestamp issue,9b7cc091-17a7-4da8-862e-641bc4111ec8,1f518004-d4db-4846-9cd3-771aab7c1906
644,Timestamp outside last 30 days,MEDIUM,Timestamp issue,101ba94c-4839-49ce-8b31-f696bef6856f,4e4ee406-e49b-461a-bac7-ad0d93799348
645,Timestamp outside last 30 days,MEDIUM,Timestamp issue,2640f55e-2cf3-41d2-b558-af3874446ed5,f7b04dba-0456-4a21-ac69-154884f99368
646,Timestamp outside last 30 days,MEDIUM,Timestamp issue,7ea0169b-226b-49b7-9156-cc657fb1ee0e,152c2e68-eaf4-4848-a1db-0001dc4bb379
647,Timestamp outside last 30 days,MEDIUM,Timestamp issue,401513c9-7418-417d-a5f1-03a1e6836270,dc72b723-076a-497e-a9c8-48e7b57e21cb
648,Timestamp outside last 30 days,MEDIUM,Timestamp issue,fc7d55e1-8a97-4d4a-adb4-ca981804bf29,47f50bcc-8964-4a33-8e25-e32b94dc2272
649,Timestamp outside last 30 days,MEDIUM,Timestamp issue,5932c25c-086a-46db-8452-cb2b16efc626,23b9f961-40ca-4840-adf0-00db656ee9e8
650,Timestamp outside last 30 days,MEDIUM,Timestamp issue,4f6f309f-8623-41ab-b50b-3f6386a2a11f,601ff377-000f-47c6-8c6b-4bfefa9efb65
651,Timestamp outside last 30 days,MEDIUM,Timestamp issue,3443150e-0ba8-4992-81be-51e48f70d157,794edb86-ff35-466c-b46a-9cf864288de7
652,Timestamp outside last 30 days,MEDIUM,Timestamp issue,e81d4466-213f-4378-ab4b-6ea0b006955d,7289740d-52ba-4cd9-b5c4-699be2fb0bb7
653,Timestamp outside last 30 days,MEDIUM,Timestamp issue,dd7bb090-6b9d-412d-8dff-42338a1b7726,003e798a-2486-483c-9640-2eb64c80de19
654,Timestamp outside last 30 days,MEDIUM,Timestamp issue,9004eebb-7a57-4374-8b50-94af407675d7,ce98f6a0-cfca-46f2-8dbb-247996dcadda
655,Timestamp outside last 30 days,MEDIUM,Timestamp issue,7819f0fd-a8da-46cc-b9fd-86d469cc4cf2,81bc1fad-2255-411c-829d-3ba2c147dd3a
656,Timestamp outside last 30 days,MEDIUM,Timestamp issue,ad143a20-fc85-498a-abf4-625799a93a10,5f8e46eb-ecbc-4ed8-afda-f31403223211
657,Timestamp outside last 30 days,MEDIUM,Timestamp issue,32ff52a2-8e16-48df-aef7-fcf8a1b1cc4c,4e4ee406-e49b-461a-bac7-ad0d93799348
658,Timestamp outside last 30 days,MEDIUM,Timestamp issue,c9dd86a1-30bf-49ee-8465-4511daed7f8b,dee9578c-89ba-46ed-912f-bd163ebf9dae
659,Timestamp outside last 30 days,MEDIUM,Timestamp issue,8529ac52-996a-47ff-b570-d5ecd723b6e4,1c0fe729-e7d9-4ae7-9f0b-5518129a914e
660,Timestamp outside last 30 days,MEDIUM,Timestamp issue,68d64671-24cb-43d7-b4c3-197ca84c7b19,76e1f60c-fb9a-45b6-878d-aa2e91c50b02
661,Timestamp outside last 30 days,MEDIUM,Timestamp issue,f527d685-709f-427b-a0a0-b8fe248aaf89,92ccad33-c36f-4221-a628-778bb14dc43c
662,Timestamp outside last 30 days,MEDIUM,Timestamp issue,35acf279-02e0-40e1-b8fd-4fce420d841e,7c33f83e-9b06-4cc2-a64c-912d8930fe9d
663,Timestamp outside last 30 days,MEDIUM,Timestamp issue,c3dc0e3e-f197-4cf1-87a6-229f4e956526,7d19ef1c-a02f-4088-8edc-24341a46e604
664,Timestamp outside last 30 days,MEDIUM,Timestamp issue,6f239244-51c6-4e33-9b0c-365d94710367,76e1f60c-fb9a-45b6-878d-aa2e91c50b02
665,Timestamp outside last 30 days,MEDIUM,Timestamp issue,f17fe902-a0be-4485-9298-f913c518525d,c2400c68-136c-4ee8-92e1-d4cc3beb6924
666,Timestamp outside last 30 days,MEDIUM,Timestamp issue,221abbb7-7fe4-4467-b8d7-336180d59348,6022a017-8a5b-43fc-8e0d-32fe2053a87d
667,Timestamp outside last 30 days,MEDIUM,Timestamp issue,0a3ddc22-bd0a-42dd-8f41-5a8f0379603c,8e8ab60f-825f-407e-a395-4b6412ae22b9
668,Timestamp outside last 30 days,MEDIUM,Timestamp issue,1df8dbf6-efe1-4a60-9151-950d1840524f,81bc1fad-2255-411c-829d-3ba2c147dd3a
669,Timestamp outside last 30 days,MEDIUM,Timestamp issue,cd054780-ab33-472e-9a6a-8307ae8c7eb9,d89c64b1-5bd4-4867-9450-455f259459e9
670,Timestamp outside last 30 days,MEDIUM,Timestamp issue,6b4db85d-ef9b-4d26-80de-0b1feccc84c0,89e4b926-e4bc-4ac8-87c4-2dafb504ba6e
671,Timestamp outside last 30 days,MEDIUM,Timestamp issue,06ceb525-121e-4ede-bc5a-c0c12e0168f7,7ca57aee-4f80-4dea-8df7-bd9287d5d5be
672,Timestamp outside last 30 days,MEDIUM,Timestamp issue,5445997d-2943-42ae-b8af-22dfff54ab9f,7d19ef1c-a02f-4088-8edc-24341a46e604
673,Timestamp outside last 30 days,MEDIUM,Timestamp issue,353f028d-1e0d-41aa-994b-d7879973cf47,5a0b4f48-9653-45b9-a7f7-ed353e18e1c9
674,Timestamp outside last 30 days,MEDIUM,Timestamp issue,e876a84d-8f38-4ec1-8e8c-73a7918015ed,91ca5769-55df-4f3f-bf66-5ed1ebf0f5fe
675,Timestamp outside last 30 days,MEDIUM,Timestamp issue,d6b4f65e-451f-4027-95a2-3696fccec314,f3e2111e-ba82-4af6-a4ab-0ea2782a1b11
676,Timestamp outside last 30 days,MEDIUM,Timestamp issue,69627e40-a69d-4673-b651-e502966422d6,63004bce-5fee-42be-bc9c-6039e29d704a
677,Timestamp outside last 30 days,MEDIUM,Timestamp issue,f68df41c-a348-407a-b1dd-56e81daba66e,5a0c94fe-d38d-42db-8596-33aea1720d8f
678,Timestamp outside last 30 days,MEDIUM,Timestamp issue,adbe8023-07d1-4ff1-a0df-ed7de46a4b1a,bfaa2907-b201-4afb-8089-0bf47564cd11
679,Timestamp outside last 30 days,MEDIUM,Timestamp issue,d70070e3-c9b2-428a-b515-949e18e72e6f,97d38fd0-47ab-4109-83ba-e9fcea52a0e6
680,Timestamp outside last 30 days,MEDIUM,Timestamp issue,a637a646-bd45-41a9-88a4-135e5cfb584e,945ed0c9-e121-4c30-9755-f3303d4603db
681,Timestamp outside last 30 days,MEDIUM,Timestamp issue,4d497efd-15e5-40f2-bc3c-faa0afaddf07,6a02f8e2-ddb0-468b-92fa-abdeca96b274
682,Timestamp outside last 30 days,MEDIUM,Timestamp issue,4de8a3e8-d417-47b7-bec0-5dabe747de42,7c33f83e-9b06-4cc2-a64c-912d8930fe9d
683,Timestamp outside last 30 days,MEDIUM,Timestamp issue,b6b745c3-3349-4c76-8a45-015c7264a07c,7289740d-52ba-4cd9-b5c4-699be2fb0bb7
684,Timestamp outside last 30 days,MEDIUM,Timestamp issue,6aed1925-cfda-4677-a37e-9fc74c5b90e9,794edb86-ff35-466c-b46a-9cf864288de7
685,Timestamp outside last 30 days,MEDIUM,Timestamp issue,cd802323-7204-4531-b477-b33fbbe990c9,2daaa8fa-3aed-404d-97ed-7cc760a3a9cf
686,Timestamp outside last 30 days,MEDIUM,Timestamp issue,99282d37-f425-4a20-a5e4-25a61e07c193,51a1519f-912f-4e30-82e1-69e7a17cbd2b
687,Timestamp outside last 30 days,MEDIUM,Timestamp issue,84101872-3813-4aa7-a295-761f3e5f0b6e,a4864430-1d67-454e-af5a-f3ab3bbe7a5a
688,Timestamp outside last 30 days,MEDIUM,Timestamp issue,9f9e14bf-4738-4b6a-ac37-20e2751053eb,d005ee80-3104-4ee4-99aa-006807ae39ad
689,Timestamp outside last 30 days,MEDIUM,Timestamp issue,32db401f-e5c2-40b5-ac20-c1cff078c39b,3e7868d6-dd48-4607-a531-896d61b76817
690,Timestamp outside last 30 days,MEDIUM,Timestamp issue,c713bf38-e4bc-4c4a-94dd-29030410842f,1c56640b-c068-443f-99ee-d72b1336eb7a
691,Timestamp outside last 30 days,MEDIUM,Timestamp issue,198643ed-cf26-48c3-81fa-74bd0a5d8c3d,848c63a7-11e7-42cf-ade7-c9ad80594b9d
692,Timestamp outside last 30 days,MEDIUM,Timestamp issue,6d3f0453-717f-4b79-96cb-1b670268f16d,76e1f60c-fb9a-45b6-878d-aa2e91c50b02
693,Timestamp outside last 30 days,MEDIUM,Timestamp issue,b2200f6f-a2fd-42ea-a07a-6b296867a85d,794edb86-ff35-466c-b46a-9cf864288de7
694,Timestamp outside last 30 days,MEDIUM,Timestamp issue,cd2e0571-0613-49bd-8d2b-68c57269e791,bda7b269-752d-41c7-acc2-9009284cf5ef
695,Timestamp outside last 30 days,MEDIUM,Timestamp issue,73e982a8-14d4-48e3-a1e3-7e8647281e67,5adc8db7-a721-45bd-bfc6-bd0dc5696671
696,Timestamp outside last 30 days,MEDIUM,Timestamp issue,910aa755-1fae-4be0-9cdb-b99a9ed15c73,835546f8-7688-450f-891f-d1296591602e
697,Timestamp outside last 30 days,MEDIUM,Timestamp issue,a679dd73-1783-40c0-9e87-3d7800a9c461,5adc8db7-a721-45bd-bfc6-bd0dc5696671
698,Timestamp outside last 30 days,MEDIUM,Timestamp issue,e59cb32b-3daf-48fd-87f7-b43a12324c29,1fdba437-a3ae-4a97-b61c-7de4dfc67c91
699,Timestamp outside last 30 days,MEDIUM,Timestamp issue,cd706bcb-2b2d-48e8-be11-1535e68cc10e,26845409-3a21-4d0a-acb6-3181ce346624
700,Timestamp outside last 30 days,MEDIUM,Timestamp issue,50d8a7ff-e14c-4c56-a4b2-c4fd49c58a17,a7a7dfe6-307f-44c1-9d87-4e59fac80852
701,Timestamp outside last 30 days,MEDIUM,Timestamp issue,6333399c-5fd1-4e5c-985b-10cb73c122e2,741c3404-9813-4d95-83bb-ad66a56bf881
702,Timestamp outside last 30 days,MEDIUM,Timestamp issue,e9f67146-ea84-4ead-9b73-ab92e6907e80,21194207-c8aa-48b6-b518-a0b3ad98ad94
703,Timestamp outside last 30 days,MEDIUM,Timestamp issue,a66a7437-82b2-4f51-b3f4-0ec76fb70e4a,102c0259-ea9d-4ab6-ad58-8805b452596b
704,Timestamp outside last 30 days,MEDIUM,Timestamp issue,4078a0be-4141-4195-a0dd-460271cddc13,8b8c500d-f552-4fd1-8a42-980c00247205
705,Timestamp outside last 30 days,MEDIUM,Timestamp issue,7002fcb6-36a9-4c25-ba3a-3eb60a29435e,822daaec-55f6-4348-baa8-89082a338c6b
706,Timestamp outside last 30 days,MEDIUM,Timestamp issue,20cd648a-ebb4-4873-a7f4-065880b7e5bd,02aa29e0-973d-451b-9a72-69906cd9fdc8
707,Timestamp outside last 30 days,MEDIUM,Timestamp issue,38a8892b-bc09-4500-890c-6b5854417b09,7289740d-52ba-4cd9-b5c4-699be2fb0bb7
708,Timestamp outside last 30 days,MEDIUM,Timestamp issue,0bd0f6ec-4f43-4931-816f-ff41905b49f2,bda7b269-752d-41c7-acc2-9009284cf5ef
709,Timestamp outside last 30 days,MEDIUM,Timestamp issue,fcbc04b7-7569-42e1-9f93-04764ade3ddd,8b5b465f-d6b8-4fa4-9c76-ba312b31f31f
710,Timestamp outside last 30 days,MEDIUM,Timestamp issue,1a615bd6-c69b-4c95-92b9-a97d906e837b,51a1519f-912f-4e30-82e1-69e7a17cbd2b
712,Timestamp outside last 30 days,MEDIUM,Timestamp issue,92597d20-79eb-41b3-8202-9aa07c952294,8d9d32ce-7637-4e6f-a4f3-170f70522777
713,Timestamp outside last 30 days,MEDIUM,Timestamp issue,217c7e61-12b1-4a7e-9344-d10b9bb48990,4b6b32a6-0dc4-4cbf-9f49-6ce712a1b8f5
715,Timestamp outside last 30 days,MEDIUM,Timestamp issue,366089be-d3a1-4e36-b4da-a30dd4907314,a6f61ed8-5237-4fc1-b09d-4e38d3d66d1c
716,Timestamp outside last 30 days,MEDIUM,Timestamp issue,78a16fc5-80bb-49b7-b237-5b2879dd5786,21194207-c8aa-48b6-b518-a0b3ad98ad94
717,Timestamp outside last 30 days,MEDIUM,Timestamp issue,d738bb5c-0ff8-4dfa-9ce2-fb6670771e0f,14b4eed2-73dc-47fc-901b-6956d12cbba2
718,Timestamp outside last 30 days,MEDIUM,Timestamp issue,807f70d8-fd3e-41d1-a86e-973c6d85f4c6,02aa29e0-973d-451b-9a72-69906cd9fdc8
719,Timestamp outside last 30 days,MEDIUM,Timestamp issue,413d09ae-331d-4b50-9f50-84b65887ad87,1c56640b-c068-443f-99ee-d72b1336eb7a
720,Timestamp outside last 30 days,MEDIUM,Timestamp issue,64d8f385-d4a2-4dae-8f4e-b3a3088b4e7b,c330c03a-8b01-4db2-8082-427ce5e68857
721,Timestamp outside last 30 days,MEDIUM,Timestamp issue,04786c0f-1e54-4cdf-8591-35428668c7d0,f3e2111e-ba82-4af6-a4ab-0ea2782a1b11
722,Timestamp outside last 30 days,MEDIUM,Timestamp issue,f6adda3c-c3af-4fb9-b0ed-1088f5ab1c14,db46e17b-8daf-4d21-a820-a1a2677ff549
723,Timestamp outside last 30 days,MEDIUM,Timestamp issue,959f5021-cccf-44dd-a818-c7aa87847606,8497672d-8ca4-4a3b-a5ae-d5214c2cea56
724,Timestamp outside last 30 days,MEDIUM,Timestamp issue,f850e5f5-a897-41c7-a3a6-ac1fb508c4c5,6ef3e858-f966-4c8b-9963-4774521556e8
725,Timestamp outside last 30 days,MEDIUM,Timestamp issue,d7c8ea87-3aa8-4244-8f93-1210f62163f6,6f6bcf1a-807c-4326-9920-2a286288152b
726,Timestamp outside last 30 days,MEDIUM,Timestamp issue,87c55c85-1659-444c-be6a-f8df5c519fd2,d43cd6fe-dfe5-4cb7-893d-4ad9c29d21d0
727,Timestamp outside last 30 days,MEDIUM,Timestamp issue,5b990a73-0a7a-4740-ac4e-56012a0d14de,171923e7-bb5c-4723-9972-a2cdc04f06c8
728,Timestamp outside last 30 days,MEDIUM,Timestamp issue,78167427-16e2-4db7-a763-8f09f412612e,bb0d383f-218f-445b-b320-8ddf0ad7ea62
729,Timestamp outside last 30 days,MEDIUM,Timestamp issue,4463b080-ceea-4d01-a08f-b0f65d0b5f7e,fd77978c-9b17-4cf8-9576-0ead1f0a7d6d
730,Timestamp outside last 30 days,MEDIUM,Timestamp issue,7477686d-c154-401d-9a5b-93cb7edfaa6f,89d4195a-6536-4e98-a35f-18834739b59f
731,Timestamp outside last 30 days,MEDIUM,Timestamp issue,bd1f660e-e1f1-4b71-b84c-95c79e54dbd7,5c7a0887-52db-4e93-ab86-4d6a8b257231
732,Timestamp outside last 30 days,MEDIUM,Timestamp issue,1d12a3f2-1016-44d7-9d02-6ececcc2b704,5adc8db7-a721-45bd-bfc6-bd0dc5696671
733,Timestamp outside last 30 days,MEDIUM,Timestamp issue,4239d20a-224b-4961-8643-4bef182fe286,e58ea62f-2814-4617-9770-659f8af90a01
734,Timestamp outside last 30 days,MEDIUM,Timestamp issue,6d738902-af22-43e9-964a-2b0fe93e0d08,3321b215-c19e-405d-8fb6-90afca09d67b
735,Timestamp outside last 30 days,MEDIUM,Timestamp issue,f6b6a4ae-3f85-48b1-8da9-657a3da635de,58aad992-980d-48e9-a66c-3aafc6dddeff
736,Timestamp outside last 30 days,MEDIUM,Timestamp issue,772e472a-53b4-487f-8bd2-359a1aaed604,5d533a38-beed-44b0-af58-e09468a135ee
737,Timestamp outside last 30 days,MEDIUM,Timestamp issue,35c845dc-dc2d-44cd-9443-61b38e5ed4f3,3170f793-b0cd-460e-90b4-b802a35c0046
738,Timestamp outside last 30 days,MEDIUM,Timestamp issue,6a917ed7-3dd2-4557-b37d-7dcf2e89f82f,12ba5be1-30e8-4611-ad83-19c774a1aafa
739,Timestamp outside last 30 days,MEDIUM,Timestamp issue,d37d448c-992c-415f-8e5e-4c981147b772,19856955-703e-484b-99d7-6080e3c41aa8
740,Timestamp outside last 30 days,MEDIUM,Timestamp issue,e693759f-3fd4-4387-bce3-32f83b6a6607,741c3404-9813-4d95-83bb-ad66a56bf881
741,Timestamp outside last 30 days,MEDIUM,Timestamp issue,cd5cce80-15f3-45c9-b978-eee29215bac0,3321db6c-2f30-4d09-8132-6f74750a97ea
742,Timestamp outside last 30 days,MEDIUM,Timestamp issue,05433192-5266-43d1-b72e-a95ae25e554f,14b4eed2-73dc-47fc-901b-6956d12cbba2
743,Timestamp outside last 30 days,MEDIUM,Timestamp issue,fea45ed8-010a-4d74-8732-5e88bf17fc7c,e2050806-79f2-43a7-bc97-77f6d8a5f070
744,Timestamp outside last 30 days,MEDIUM,Timestamp issue,ce5fbef0-da77-45c6-b65c-a83cedb60355,bb3ae83d-5971-4f7c-a30a-31311de50a94
745,Timestamp outside last 30 days,MEDIUM,Timestamp issue,d4776fa7-ae7e-4e70-8d73-104959baf7d3,13f45ef6-af9c-48aa-8c41-44265aa8982c
746,Timestamp outside last 30 days,MEDIUM,Timestamp issue,80ecff35-2990-450e-a989-282634d2166f,a7a7dfe6-307f-44c1-9d87-4e59fac80852
747,Timestamp outside last 30 days,MEDIUM,Timestamp issue,8db18103-1bcb-404a-bd1d-c142adfe7a26,246e5067-c41b-46da-b8f1-7c98dbfb3164
748,Timestamp outside last 30 days,MEDIUM,Timestamp issue,014f25b1-5064-40fa-ae2b-d4287bed3254,31c7a2c8-7f94-4ffb-b142-486eaf813eb7
749,Timestamp outside last 30 days,MEDIUM,Timestamp issue,4c9fcf33-eaf1-4adb-9d65-8a7c97788d48,bdc66c06-428b-4283-be01-5790205c449e
750,Timestamp outside last 30 days,MEDIUM,Timestamp issue,955ba7c3-cd56-4a2b-a8f5-219ef996572e,568977d1-d3ba-41d8-9a43-c24c542ff3b3
751,Timestamp outside last 30 days,MEDIUM,Timestamp issue,df379004-5c86-4c27-b845-de925aab5731,34e72600-df72-46c4-91b4-9a4a6bef0e35
752,Timestamp outside last 30 days,MEDIUM,Timestamp issue,6bf7fa80-a7aa-4624-b295-f99bb9c91948,12ba5be1-30e8-4611-ad83-19c774a1aafa
753,Timestamp outside last 30 days,MEDIUM,Timestamp issue,912d8cf6-2e9c-46a3-bd68-ec864e25a45b,15e394fd-5fde-4286-91eb-0a67ca5d2ed5
754,Timestamp outside last 30 days,MEDIUM,Timestamp issue,1daa8447-de3f-443e-a7d8-5fc1e91981c7,771b2b82-37c5-4bf9-ab4e-cec62570edd6
755,Timestamp outside last 30 days,MEDIUM,Timestamp issue,d7a9847e-ad71-40a4-abcd-91f61f155985,822daaec-55f6-4348-baa8-89082a338c6b
756,Timestamp outside last 30 days,MEDIUM,Timestamp issue,e246754c-d1cc-4069-b26f-413808fea7f0,ad2d75a2-7d2d-46da-bf60-b2b7171504b8
757,Timestamp outside last 30 days,MEDIUM,Timestamp issue,31343cc3-1ac2-413a-aadb-0fee758123a6,dafa04d5-6dbe-4512-87ae-708606c34a54
758,Timestamp outside last 30 days,MEDIUM,Timestamp issue,21b0ffa5-1d06-458a-b41f-5a88886d83d2,8fc5573f-c966-4726-a6b5-1e7c3c67e559
759,Timestamp outside last 30 days,MEDIUM,Timestamp issue,771d3586-00d6-4936-86d7-21e25735053e,d03eca90-4f0f-45b0-a5ef-9ca18920d33b
760,Timestamp outside last 30 days,MEDIUM,Timestamp issue,61322e98-28cc-49d5-9c61-373e3187b247,e2050806-79f2-43a7-bc97-77f6d8a5f070
761,Timestamp outside last 30 days,MEDIUM,Timestamp issue,17eede62-4f06-470a-8f59-e91049c954fd,d9991e15-37f6-4a7e-9d5c-ebecf8bece71
762,Timestamp outside last 30 days,MEDIUM,Timestamp issue,be2a0d00-139c-4d8c-a5b0-25304d546ce0,5cf15453-ab89-4b63-9865-7e340c15747d
763,Timestamp outside last 30 days,MEDIUM,Timestamp issue,f0114fba-a19c-4ee9-ae79-cbfbaaedcbe0,3e7868d6-dd48-4607-a531-896d61b76817
764,Timestamp outside last 30 days,MEDIUM,Timestamp issue,086b4eed-9852-4254-b7f6-3ca1d7dd156e,2daaa8fa-3aed-404d-97ed-7cc760a3a9cf
765,Timestamp outside last 30 days,MEDIUM,Timestamp issue,3c2e3704-f85d-4ea0-afb4-0c60731d1197,23b9f961-40ca-4840-adf0-00db656ee9e8
766,Timestamp outside last 30 days,MEDIUM,Timestamp issue,c95ac568-6ddc-4fbb-99be-a1132acfa183,02aa29e0-973d-451b-9a72-69906cd9fdc8
767,Timestamp outside last 30 days,MEDIUM,Timestamp issue,8bb5417c-4c46-4b2a-89ea-2aa966814ae9,632e8929-b8c1-4b3e-8611-20a575998072
768,Timestamp outside last 30 days,MEDIUM,Timestamp issue,e7df9794-2352-44e2-ba7f-8bde995f74b3,4dc32b0b-b2eb-4f66-b5a2-eea077563e48
769,Timestamp outside last 30 days,MEDIUM,Timestamp issue,c745e7c1-153c-4daa-8107-d5dd9c44d023,3321db6c-2f30-4d09-8132-6f74750a97ea
770,Timestamp outside last 30 days,MEDIUM,Timestamp issue,49205f53-3605-42b4-aed0-4ae9decd297a,d032bf04-b68a-467b-9ea9-8f2c2bc45b93
771,Timestamp outside last 30 days,MEDIUM,Timestamp issue,33dbccad-77b3-4fe4-b0d9-9dc0ea73b7e9,bda7b269-752d-41c7-acc2-9009284cf5ef
772,Timestamp outside last 30 days,MEDIUM,Timestamp issue,9826ba31-fd46-4b3a-a5cc-67f0e369471e,945ed0c9-e121-4c30-9755-f3303d4603db
773,Timestamp outside last 30 days,MEDIUM,Timestamp issue,9aa9657a-1ae6-462b-9039-aadffbab36b7,47f50bcc-8964-4a33-8e25-e32b94dc2272
774,Timestamp outside last 30 days,MEDIUM,Timestamp issue,c289065e-752f-4258-8f5a-a08e804b0a43,aaf0335b-b865-4272-b80f-707e63520001
775,Timestamp outside last 30 days,MEDIUM,Timestamp issue,076e21a6-4724-4db8-aa34-b0688f100a3b,e2050806-79f2-43a7-bc97-77f6d8a5f070
776,Timestamp outside last 30 days,MEDIUM,Timestamp issue,eaf4be1e-008b-463b-b5d1-a110c4b9dde3,5adc8db7-a721-45bd-bfc6-bd0dc5696671
777,Timestamp outside last 30 days,MEDIUM,Timestamp issue,998f79a4-6c8b-4b60-b806-2bfba7ee530d,3714ba6b-724a-441e-b685-6a547013bb6a
778,Timestamp outside last 30 days,MEDIUM,Timestamp issue,3a411e7a-7217-4279-b8b4-047f2a0b940b,f3e2111e-ba82-4af6-a4ab-0ea2782a1b11
779,Timestamp outside last 30 days,MEDIUM,Timestamp issue,56bed18f-ed68-4fd0-8ff3-544598731c73,ed36bcff-f626-4181-8400-c89021aa8770
780,Timestamp outside last 30 days,MEDIUM,Timestamp issue,fb19f623-a380-433c-b2b3-98b3d51e30de,632e8929-b8c1-4b3e-8611-20a575998072
781,Timestamp outside last 30 days,MEDIUM,Timestamp issue,c36168ab-91d7-4695-8d70-93d58cfabe04,2f0b1436-8697-41f1-a288-c0d8fcb512e6
782,Timestamp outside last 30 days,MEDIUM,Timestamp issue,ecb80691-fcbf-4d8d-9791-1c80a9fe8bc1,10fef64f-7a99-4e7c-9fa7-56bd4c11d7b9
783,Timestamp outside last 30 days,MEDIUM,Timestamp issue,d54fc336-50c7-40fb-98cb-8f7621f640fb,13f45ef6-af9c-48aa-8c41-44265aa8982c
784,Timestamp outside last 30 days,MEDIUM,Timestamp issue,3245c452-470c-43e7-ac90-33bae9ce2aa8,5d533a38-beed-44b0-af58-e09468a135ee
785,Timestamp outside last 30 days,MEDIUM,Timestamp issue,65f3c9e8-20b4-41bd-a3c0-12ae92452ed1,92ccad33-c36f-4221-a628-778bb14dc43c
786,Timestamp outside last 30 days,MEDIUM,Timestamp issue,6814d0df-d205-4c87-a34c-d01e85aa395a,6f53c64a-91f6-41fe-bb63-40f6ba5597b6
787,Timestamp outside last 30 days,MEDIUM,Timestamp issue,790eed72-7574-4dee-9e0d-53a7a15278a8,db46e17b-8daf-4d21-a820-a1a2677ff549
788,Timestamp outside last 30 days,MEDIUM,Timestamp issue,03412d28-ea07-48a6-b19e-a22c454fae7c,aaf0335b-b865-4272-b80f-707e63520001
789,Timestamp outside last 30 days,MEDIUM,Timestamp issue,e629e8b7-8cef-4081-87b0-8dfc8ee05835,1ffb0f4b-210a-4369-b076-fa9a4addfc23
790,Timestamp outside last 30 days,MEDIUM,Timestamp issue,48248fe3-573e-4b7f-abfc-a512a96c1ca9,1614da80-8c78-4c8f-a6d8-370872e71a04
791,Timestamp outside last 30 days,MEDIUM,Timestamp issue,e629e8b7-8cef-4081-87b0-8dfc8ee05835,1ffb0f4b-210a-4369-b076-fa9a4addfc23
792,Timestamp outside last 30 days,MEDIUM,Timestamp issue,2f79d685-3678-48a8-a9af-a94d176b2b18,ffa3eb11-0bb0-4b14-8041-a956555c55fd
793,Timestamp outside last 30 days,MEDIUM,Timestamp issue,013f183f-fb7d-49a7-8247-c653dfcf4088,91ca5769-55df-4f3f-bf66-5ed1ebf0f5fe
794,Timestamp outside last 30 days,MEDIUM,Timestamp issue,8db35004-1062-455d-994e-66b22a7e927e,246e5067-c41b-46da-b8f1-7c98dbfb3164
795,Timestamp outside last 30 days,MEDIUM,Timestamp issue,ef9adae9-23ed-40c4-8fe4-bcfd242cf2a2,7d19ef1c-a02f-4088-8edc-24341a46e604
796,Timestamp outside last 30 days,MEDIUM,Timestamp issue,054b1179-edfc-4b6f-9391-596f3b2edade,8fc5573f-c966-4726-a6b5-1e7c3c67e559
797,Timestamp outside last 30 days,MEDIUM,Timestamp issue,facf8995-6b74-4748-b46a-1a8ca0935730,848c63a7-11e7-42cf-ade7-c9ad80594b9d
798,Timestamp outside last 30 days,MEDIUM,Timestamp issue,7d2995c2-15d0-4b91-97bf-5ba43b2ca4b1,15e394fd-5fde-4286-91eb-0a67ca5d2ed5
799,Timestamp outside last 30 days,MEDIUM,Timestamp issue,528afc93-8f89-4f8c-a72e-3845f42cc17f,6022a017-8a5b-43fc-8e0d-32fe2053a87d
800,Timestamp outside last 30 days,MEDIUM,Timestamp issue,e9b186c0-d03a-4111-a0cf-915ebd9c41b6,8b8c500d-f552-4fd1-8a42-980c00247205
801,Timestamp outside last 30 days,MEDIUM,Timestamp issue,304c1b91-0dc1-439d-ada8-6335e2f2b85d,47f50bcc-8964-4a33-8e25-e32b94dc2272
802,Timestamp outside last 30 days,MEDIUM,Timestamp issue,4d74ffc1-a58e-4a01-919b-9b19ead8f172,f02a6120-b858-49c0-a91f-eb08ace1e130
803,Timestamp outside last 30 days,MEDIUM,Timestamp issue,a668c498-f7eb-445b-ba3f-aca9955cb9a3,b8ff691d-9882-45fd-afc4-66fc16cf2246
804,Timestamp outside last 30 days,MEDIUM,Timestamp issue,8f1a3176-0aba-4187-ba14-d3045acb4dec,1c56640b-c068-443f-99ee-d72b1336eb7a
805,Timestamp outside last 30 days,MEDIUM,Timestamp issue,2935b1fd-3b56-4c8c-8234-9ec5d7a82176,f3e2111e-ba82-4af6-a4ab-0ea2782a1b11
806,Timestamp outside last 30 days,MEDIUM,Timestamp issue,72373e89-074d-4930-834c-e0f7e5f43c08,dd6868a5-a36f-446a-bc9d-6645756b9dae
807,Timestamp outside last 30 days,MEDIUM,Timestamp issue,68961ee4-052e-45a8-aa67-b2b525f586cd,3e7868d6-dd48-4607-a531-896d61b76817
808,Timestamp outside last 30 days,MEDIUM,Timestamp issue,0ef9691a-9d43-4883-b808-034ba3aa10f9,68997e53-25d0-4b47-9799-7b08da70b62c
809,Timestamp outside last 30 days,MEDIUM,Timestamp issue,bfb1b9f8-3c52-41af-84a0-76768207206f,5a3ef674-bea0-4dc1-a03a-f852e5f0c2d9
810,Timestamp outside last 30 days,MEDIUM,Timestamp issue,80427119-cab7-4e2c-b786-4d2f44ec0419,26845409-3a21-4d0a-acb6-3181ce346624
811,Timestamp outside last 30 days,MEDIUM,Timestamp issue,56f9f027-b70a-49ed-821a-2970192daa94,ce98f6a0-cfca-46f2-8dbb-247996dcadda
812,Timestamp outside last 30 days,MEDIUM,Timestamp issue,37ceab15-8d21-4d05-94d4-78d20e360403,8b8c500d-f552-4fd1-8a42-980c00247205
813,Timestamp outside last 30 days,MEDIUM,Timestamp issue,440d011b-68ed-4000-a152-9bf393875b7c,6a02f8e2-ddb0-468b-92fa-abdeca96b274
814,Timestamp outside last 30 days,MEDIUM,Timestamp issue,b8ef925c-1800-467e-82fe-f1815680fd94,2fea5df6-7445-47a1-b617-54e5c165da45
815,Timestamp outside last 30 days,MEDIUM,Timestamp issue,29543611-ae78-46bd-8849-50e0a67e03e6,1ffb0f4b-210a-4369-b076-fa9a4addfc23
816,Timestamp outside last 30 days,MEDIUM,Timestamp issue,1dc50909-3d20-4ea2-ac4c-ad3a3deb775d,6f53c64a-91f6-41fe-bb63-40f6ba5597b6
817,Timestamp outside last 30 days,MEDIUM,Timestamp issue,c29c0ab1-ff70-4db9-8beb-30ba60e21a48,7c33f83e-9b06-4cc2-a64c-912d8930fe9d
818,Timestamp outside last 30 days,MEDIUM,Timestamp issue,f59131ee-23f3-4eb9-8cd4-f4c4f11622a0,1ffb0f4b-210a-4369-b076-fa9a4addfc23
819,Timestamp outside last 30 days,MEDIUM,Timestamp issue,20704148-dbfb-44e7-908a-68361ba05095,19856955-703e-484b-99d7-6080e3c41aa8
820,Timestamp outside last 30 days,MEDIUM,Timestamp issue,2944712f-707a-4927-ae93-7415ae943f2e,a6f61ed8-5237-4fc1-b09d-4e38d3d66d1c
821,Timestamp outside last 30 days,MEDIUM,Timestamp issue,39cfbb11-48bf-4eb0-b4ad-ee9afca38c71,2fea5df6-7445-47a1-b617-54e5c165da45
822,Timestamp outside last 30 days,MEDIUM,Timestamp issue,f233c750-f2b7-41a1-a1c8-65d21b1c84c9,246e5067-c41b-46da-b8f1-7c98dbfb3164
823,Timestamp outside last 30 days,MEDIUM,Timestamp issue,78038a05-6b0f-4a0b-b391-1865a4005f1a,8b5b465f-d6b8-4fa4-9c76-ba312b31f31f
824,Timestamp outside last 30 days,MEDIUM,Timestamp issue,e2bc4bb0-81e7-4b10-a4cd-a9c38317bbe1,d43cd6fe-dfe5-4cb7-893d-4ad9c29d21d0
825,Timestamp outside last 30 days,MEDIUM,Timestamp issue,1414efde-30bc-4397-8b2b-a35df062c567,3170f793-b0cd-460e-90b4-b802a35c0046
826,Timestamp outside last 30 days,MEDIUM,Timestamp issue,34b09083-b0c4-46e1-8926-d9bde3d6fe6a,37c2feb0-3490-4f4d-9844-e68f7b0487eb
827,Timestamp outside last 30 days,MEDIUM,Timestamp issue,e641292c-99e3-457f-b8f6-83811c99cca0,c2b37eab-a4aa-459b-8f1c-04d149b09b53
828,Timestamp outside last 30 days,MEDIUM,Timestamp issue,61574f40-fc3d-4f8c-ae83-076414dace95,f6bd3438-2722-4d2f-b7c4-ff1623700f65
829,Timestamp outside last 30 days,MEDIUM,Timestamp issue,3c4a2e4d-88f8-4104-94d0-66ffee4c9a06,a1e6862d-afca-4a49-b474-f89f19325727
830,Timestamp outside last 30 days,MEDIUM,Timestamp issue,57356136-243a-42d9-8444-e9afd69d7eb4,d214a927-b70d-4ed7-97e9-fc9edeaf189b
831,Timestamp outside last 30 days,MEDIUM,Timestamp issue,dbe0fe61-ac36-4bfc-9194-44a1adebb450,12748ee4-3124-404d-805a-60defabca9c1
832,Timestamp outside last 30 days,MEDIUM,Timestamp issue,4dc6ece9-179b-47e1-a380-bc6ffbb15bcf,ede341ea-d3e6-491a-ab22-e42bbdce7459
833,Timestamp outside last 30 days,MEDIUM,Timestamp issue,074f6712-3ff2-453c-8774-b6f6c1711455,15e394fd-5fde-4286-91eb-0a67ca5d2ed5
834,Timestamp outside last 30 days,MEDIUM,Timestamp issue,5b990a73-0a7a-4740-ac4e-56012a0d14de,171923e7-bb5c-4723-9972-a2cdc04f06c8
835,Timestamp outside last 30 days,MEDIUM,Timestamp issue,0304fc23-dbe8-4af2-98c0-68aaf1b5cd90,d6f9cd08-f4ca-4383-a525-825b5305b29a
836,Timestamp outside last 30 days,MEDIUM,Timestamp issue,342ea867-5d6a-4677-b79e-b9a39ef64f09,4503bcf5-11d4-4534-b7a2-841c89fc84fd
837,Timestamp outside last 30 days,MEDIUM,Timestamp issue,f6fc0e30-f267-4e00-ac3b-ab52c7a45421,e2050806-79f2-43a7-bc97-77f6d8a5f070
838,Timestamp outside last 30 days,MEDIUM,Timestamp issue,3dd52310-efb4-4b92-8cd9-dbea1eed23ff,bcd9af5d-d80f-43f7-8f61-c7d71d0f8448
839,Timestamp outside last 30 days,MEDIUM,Timestamp issue,acfa4f8a-5e8c-465e-96e3-32267ef0bf6a,464e1243-5458-4fc8-8bba-7ee3515b0a17
840,Timestamp outside last 30 days,MEDIUM,Timestamp issue,0953eedd-b735-4443-b9ee-a86e7c2f7013,23b9f961-40ca-4840-adf0-00db656ee9e8
841,Timestamp outside last 30 days,MEDIUM,Timestamp issue,f400ebac-4fd6-41a3-96bf-eb47013140c3,9a49b0fd-eaf1-46ff-aab6-7a15d82ee406
842,Timestamp outside last 30 days,MEDIUM,Timestamp issue,143c6d0d-f04c-4dc3-b4c9-204bec1d4f5b,5cf15453-ab89-4b63-9865-7e340c15747d
843,Timestamp outside last 30 days,MEDIUM,Timestamp issue,ad575d02-3daa-4239-a0d3-46a58b47cfb8,d214a927-b70d-4ed7-97e9-fc9edeaf189b
844,Timestamp outside last 30 days,MEDIUM,Timestamp issue,78dfe05b-b2c8-419f-bf90-38917b457485,3170f793-b0cd-460e-90b4-b802a35c0046
845,Timestamp outside last 30 days,MEDIUM,Timestamp issue,52fbdd60-ad47-4abd-a879-0f835d92ffdb,4f5d1ad8-1f5d-4a9f-89a2-7a037a7ccf48
846,Timestamp outside last 30 days,MEDIUM,Timestamp issue,6ad1b9f4-2430-487c-aaf4-f15ae29e3ac9,d89c64b1-5bd4-4867-9450-455f259459e9
847,Timestamp outside last 30 days,MEDIUM,Timestamp issue,dee1ccea-6020-49f7-8910-14a0cdfc1481,d214a927-b70d-4ed7-97e9-fc9edeaf189b
848,Timestamp outside last 30 days,MEDIUM,Timestamp issue,09b44e78-ede4-4693-a7f9-d36c85faa780,7821def3-ebf4-4a2d-acbe-5c1d9ab89193
849,Timestamp outside last 30 days,MEDIUM,Timestamp issue,a9160611-6325-4eb3-a05e-198cf7d35162,7289740d-52ba-4cd9-b5c4-699be2fb0bb7
850,Timestamp outside last 30 days,MEDIUM,Timestamp issue,e39f29c3-7dff-4fdd-95a5-3daeabe811f4,68997e53-25d0-4b47-9799-7b08da70b62c
851,Timestamp outside last 30 days,MEDIUM,Timestamp issue,d6684a4c-d403-494d-b0df-b80b380e4ca3,4675549e-5d4d-4057-a80d-1952831ba998
852,Timestamp outside last 30 days,MEDIUM,Timestamp issue,a16b49e0-84ee-4e33-8c4d-179069e43ec5,2fea5df6-7445-47a1-b617-54e5c165da45
853,Timestamp outside last 30 days,MEDIUM,Timestamp issue,1539cdfd-8b41-4072-9f52-35eea504888f,f6bd3438-2722-4d2f-b7c4-ff1623700f65
854,Timestamp outside last 30 days,MEDIUM,Timestamp issue,8ce7c3b6-b5af-4957-9ee6-18fd0086e3e5,9c947090-bd39-4990-9be2-b3d063037a29
855,Timestamp outside last 30 days,MEDIUM,Timestamp issue,4ece5925-68d8-40bd-8d1b-99ad5d11725a,21194207-c8aa-48b6-b518-a0b3ad98ad94
856,Timestamp outside last 30 days,MEDIUM,Timestamp issue,bad6a565-55ac-4acf-85c6-56a40b64a226,6f6bcf1a-807c-4326-9920-2a286288152b
857,Timestamp outside last 30 days,MEDIUM,Timestamp issue,1a6c7007-2b1b-4817-9e6c-c368fa6166f0,ed36bcff-f626-4181-8400-c89021aa8770
858,Timestamp outside last 30 days,MEDIUM,Timestamp issue,e9a2c911-4a4a-401e-9680-c65b97a83676,318acf26-04b1-461c-86b7-87317f167cfd
859,Timestamp outside last 30 days,MEDIUM,Timestamp issue,bacbfaf9-bc58-4c81-a2d5-845a29906d90,3170f793-b0cd-460e-90b4-b802a35c0046
860,Timestamp outside last 30 days,MEDIUM,Timestamp issue,2ab70276-c2cc-4ea9-a0cb-3b0d47d8f9ab,3321b215-c19e-405d-8fb6-90afca09d67b
861,Timestamp outside last 30 days,MEDIUM,Timestamp issue,143c6d0d-f04c-4dc3-b4c9-204bec1d4f5b,5cf15453-ab89-4b63-9865-7e340c15747d
862,Timestamp outside last 30 days,MEDIUM,Timestamp issue,5a3559d5-48d5-4e7c-be3f-9e5625236260,c282aede-f90e-4d82-a431-247f438d677d
863,Timestamp outside last 30 days,MEDIUM,Timestamp issue,d2340446-ac90-442c-8254-9c98ede367d3,1bf79d26-f2ba-4ed8-b8b2-ea2996ef409a
864,Timestamp outside last 30 days,MEDIUM,Timestamp issue,7a19930c-fe2c-4505-8cd2-993c7c9b1d77,bbe446d9-b2e1-4b26-8e7e-8353652941c8
865,Timestamp outside last 30 days,MEDIUM,Timestamp issue,9cca140a-95df-4805-b46e-b8876436b6ba,3e7868d6-dd48-4607-a531-896d61b76817
866,Timestamp outside last 30 days,MEDIUM,Timestamp issue,ff79f9d9-78d2-48d3-8db9-22c67b3c81d6,741c3404-9813-4d95-83bb-ad66a56bf881
867,Timestamp outside last 30 days,MEDIUM,Timestamp issue,b8e13b2c-054b-4a41-b9e6-517e778c0582,bb3ae83d-5971-4f7c-a30a-31311de50a94
868,Timestamp outside last 30 days,MEDIUM,Timestamp issue,54156e66-73d6-4e18-80b7-4c9c090d7e8b,3170f793-b0cd-460e-90b4-b802a35c0046
869,Timestamp outside last 30 days,MEDIUM,Timestamp issue,11de7cd2-72b3-416c-b4a4-00cbff9b0657,4f5d1ad8-1f5d-4a9f-89a2-7a037a7ccf48
870,Timestamp outside last 30 days,MEDIUM,Timestamp issue,508aec74-a29b-421e-bc5a-9c40f2833b53,eff473e5-d827-4d62-8358-291c4347eea5
871,Timestamp outside last 30 days,MEDIUM,Timestamp issue,a1f5f6b4-5107-4cb8-98c7-1a7bdd204016,7d19ef1c-a02f-4088-8edc-24341a46e604
873,Timestamp outside last 30 days,MEDIUM,Timestamp issue,17630f0a-b8e8-48d2-ac66-cc23ec94fafe,ad2d75a2-7d2d-46da-bf60-b2b7171504b8
874,Timestamp outside last 30 days,MEDIUM,Timestamp issue,d5a91942-2eeb-4994-a586-c61bd718b203,11a0af92-b9e0-43bb-99e2-b2805a260084
875,Timestamp outside last 30 days,MEDIUM,Timestamp issue,6adb8029-a559-4380-8a09-1e8bd7baf5dd,2f0b1436-8697-41f1-a288-c0d8fcb512e6
876,Timestamp outside last 30 days,MEDIUM,Timestamp issue,4df1e256-0c1c-4b51-9b2e-f3eee2eadc29,34eee7ac-3ae8-4daf-8138-dc1caa32f062
877,Timestamp outside last 30 days,MEDIUM,Timestamp issue,fb8bb4e7-86c4-4bc2-8ec4-7a60a8de1756,34e72600-df72-46c4-91b4-9a4a6bef0e35
878,Timestamp outside last 30 days,MEDIUM,Timestamp issue,0c269ef4-0592-42d3-9e31-0220f8e23b44,f8e9cb1b-dfbb-451b-aa16-cbdc9f80bd36
879,Timestamp outside last 30 days,MEDIUM,Timestamp issue,2fa141b8-3d87-438c-9bfd-b26e72c4310a,55cd83ba-289c-4e8f-9f75-cab51439b2a1
880,Timestamp outside last 30 days,MEDIUM,Timestamp issue,9dc1cbaa-6fab-42f2-beae-d02f5a9ca485,1f518004-d4db-4846-9cd3-771aab7c1906
881,Timestamp outside last 30 days,MEDIUM,Timestamp issue,e3a02be1-dd60-4440-a322-b2457b08e3d8,82ef415a-b913-47eb-96ec-1af2f8cecd34
882,Timestamp outside last 30 days,MEDIUM,Timestamp issue,f66e6f2c-a6fe-42f0-83c4-08bd8733282b,bbe446d9-b2e1-4b26-8e7e-8353652941c8
883,Timestamp outside last 30 days,MEDIUM,Timestamp issue,f65dfcd3-3ab6-4c06-93d7-6db0eae69cc5,2860e530-b5ee-4828-98d7-4584689b2928
884,Timestamp outside last 30 days,MEDIUM,Timestamp issue,920187dc-b74b-4f1d-81eb-3be9ea6a1809,bfaa2907-b201-4afb-8089-0bf47564cd11
885,Timestamp outside last 30 days,MEDIUM,Timestamp issue,60febca1-13e2-4267-b642-48df8ab1b295,d9a1732f-01b3-4f92-a716-cc9c4d47f08f
886,Timestamp outside last 30 days,MEDIUM,Timestamp issue,086a7ae9-5a82-4ccb-b06c-27cc2c897742,dd6868a5-a36f-446a-bc9d-6645756b9dae
887,Timestamp outside last 30 days,MEDIUM,Timestamp issue,d3070f55-ab52-4db9-94a2-5b9ca1d98559,26845409-3a21-4d0a-acb6-3181ce346624
888,Timestamp outside last 30 days,MEDIUM,Timestamp issue,054b1179-edfc-4b6f-9391-596f3b2edade,8fc5573f-c966-4726-a6b5-1e7c3c67e559
889,Timestamp outside last 30 days,MEDIUM,Timestamp issue,fe2be07a-5313-42cd-a6e1-f1f8570e8143,848c63a7-11e7-42cf-ade7-c9ad80594b9d
890,Timestamp outside last 30 days,MEDIUM,Timestamp issue,629ee570-4a9c-4a07-a814-97d389a30dd1,bb0d383f-218f-445b-b320-8ddf0ad7ea62
891,Timestamp outside last 30 days,MEDIUM,Timestamp issue,3d2e9817-9448-4fd6-88dd-67373dd59d77,d005ee80-3104-4ee4-99aa-006807ae39ad
892,Timestamp outside last 30 days,MEDIUM,Timestamp issue,18d0889e-56d0-4766-9f4d-41b7477c3177,4cb5a730-52c4-43ec-935b-2d3b0bfd57fc
893,Timestamp outside last 30 days,MEDIUM,Timestamp issue,7dc726b9-8691-4ed9-8292-1ad2c9bd5bbe,5a0c94fe-d38d-42db-8596-33aea1720d8f
894,Timestamp outside last 30 days,MEDIUM,Timestamp issue,e611ec80-0b72-4a3f-b60e-b19a146754df,fc9b2c70-5e36-4fbb-90b6-5b1fbb754e79
895,Timestamp outside last 30 days,MEDIUM,Timestamp issue,09c2ced2-4f7b-42b4-802e-3a06fdff8a8b,1c56640b-c068-443f-99ee-d72b1336eb7a
896,Timestamp outside last 30 days,MEDIUM,Timestamp issue,9edec876-d607-44a5-8f51-70d6ff9ebd4d,d43cd6fe-dfe5-4cb7-893d-4ad9c29d21d0
897,Timestamp outside last 30 days,MEDIUM,Timestamp issue,d4b64168-b4a6-49ff-bca5-7348159ef4e3,3ae631c7-9378-4467-8d8b-418f043e2e1f
898,Timestamp outside last 30 days,MEDIUM,Timestamp issue,f332561c-25d0-4454-b244-25ee68cff3a5,34eee7ac-3ae8-4daf-8138-dc1caa32f062
899,Timestamp outside last 30 days,MEDIUM,Timestamp issue,3aeca1e0-60b9-4f42-80c0-2fd60e2c81ee,bda7b269-752d-41c7-acc2-9009284cf5ef
900,Timestamp outside last 30 days,MEDIUM,Timestamp issue,719f96a1-4764-4bc6-936f-e6fb49473755,2fea5df6-7445-47a1-b617-54e5c165da45
901,Timestamp outside last 30 days,MEDIUM,Timestamp issue,bc2883d3-a2ba-462a-a6cf-2a4f52285c46,15e394fd-5fde-4286-91eb-0a67ca5d2ed5
902,Timestamp outside last 30 days,MEDIUM,Timestamp issue,1e288591-e04c-49b6-9f8b-5740221d37bf,835546f8-7688-450f-891f-d1296591602e
903,Timestamp outside last 30 days,MEDIUM,Timestamp issue,e1bcb4a6-cf34-4f2b-961e-d0bc02d4d9ee,89e4b926-e4bc-4ac8-87c4-2dafb504ba6e
904,Timestamp outside last 30 days,MEDIUM,Timestamp issue,6a99db1c-866d-4150-a637-aa0ae23b4841,5528028b-7057-4a40-ba50-e829a6fd9b90
905,Timestamp outside last 30 days,MEDIUM,Timestamp issue,ad22b727-56ec-456e-8805-26f5c6c248ea,771b2b82-37c5-4bf9-ab4e-cec62570edd6
906,Timestamp outside last 30 days,MEDIUM,Timestamp issue,a428b129-1b72-4e9e-ba67-33b3476d0b44,4cb5a730-52c4-43ec-935b-2d3b0bfd57fc
907,Timestamp outside last 30 days,MEDIUM,Timestamp issue,500d39f0-10b7-4bdc-81b8-2ad05a649c00,14b4eed2-73dc-47fc-901b-6956d12cbba2
908,Timestamp outside last 30 days,MEDIUM,Timestamp issue,96e97a77-6760-4794-a376-4031b4a6c7e0,5c7a0887-52db-4e93-ab86-4d6a8b257231
909,Timestamp outside last 30 days,MEDIUM,Timestamp issue,8dc51f2c-640d-443f-9236-c4a38aaca9cc,eff473e5-d827-4d62-8358-291c4347eea5
910,Timestamp outside last 30 days,MEDIUM,Timestamp issue,d178c528-27e3-4605-b088-61829eb59eef,2fd8b6fa-99d4-4ce1-ae7d-f444a2cbf336
911,Timestamp outside last 30 days,MEDIUM,Timestamp issue,d8342062-9e4e-4087-92a2-031a8642fda6,5c7a0887-52db-4e93-ab86-4d6a8b257231
912,Timestamp outside last 30 days,MEDIUM,Timestamp issue,597dba88-80a9-43f2-9299-7b05c812ec1a,1ffb0f4b-210a-4369-b076-fa9a4addfc23
913,Timestamp outside last 30 days,MEDIUM,Timestamp issue,db88c723-a67d-4132-9a79-060a4b83baa4,11deaa9c-7892-4cc5-9483-7f2f02ccc096
914,Timestamp outside last 30 days,MEDIUM,Timestamp issue,b34e6f21-a256-49ae-b6fb-a27f9e76dd9e,8cd896f5-5264-4cb6-b582-5253cf38aa11
915,Timestamp outside last 30 days,MEDIUM,Timestamp issue,244f4f67-95d5-47d5-a2da-7cce1f7a623d,7d75f6da-c30a-47cc-8cf6-abf4ff329b57
916,Timestamp outside last 30 days,MEDIUM,Timestamp issue,064adacb-18a1-4db9-b40d-4691c628a3b9,dd6868a5-a36f-446a-bc9d-6645756b9dae
917,Timestamp outside last 30 days,MEDIUM,Timestamp issue,202d19d7-bec5-4af0-bb7c-209101bb4cfe,1bf79d26-f2ba-4ed8-b8b2-ea2996ef409a
918,Timestamp outside last 30 days,MEDIUM,Timestamp issue,ce563ac2-dc75-4a53-abdc-48bd9e37268d,c330c03a-8b01-4db2-8082-427ce5e68857
919,Timestamp outside last 30 days,MEDIUM,Timestamp issue,7d7e040e-87fe-4d6e-be5d-504b254c8068,771b2b82-37c5-4bf9-ab4e-cec62570edd6
920,Timestamp outside last 30 days,MEDIUM,Timestamp issue,6a05237e-bb00-40cd-a3ca-0b45dadc8091,a6f61ed8-5237-4fc1-b09d-4e38d3d66d1c
921,Timestamp outside last 30 days,MEDIUM,Timestamp issue,b1f6c4d4-48bb-41cd-bbe4-a036ae960fc2,bc1dd34e-e2b4-40a5-be33-17fcb448363d
922,Timestamp outside last 30 days,MEDIUM,Timestamp issue,f353219b-0b54-40e8-aef5-a561b8f2e282,3cc5305c-9ae2-4dd6-b66e-4739ea1002bf
923,Timestamp outside last 30 days,MEDIUM,Timestamp issue,e29b6c40-460b-42c6-9816-77be66ed6ddb,bcd9af5d-d80f-43f7-8f61-c7d71d0f8448
924,Timestamp outside last 30 days,MEDIUM,Timestamp issue,9b36f356-a428-4bdb-a788-fc6c3d1665ba,741c3404-9813-4d95-83bb-ad66a56bf881
925,Timestamp outside last 30 days,MEDIUM,Timestamp issue,1c7e677e-e2cc-4c91-a2d7-3c23b8c467da,601ff377-000f-47c6-8c6b-4bfefa9efb65
926,Timestamp outside last 30 days,MEDIUM,Timestamp issue,5046954a-1e96-408b-8ea2-93389b4856e8,f3e2111e-ba82-4af6-a4ab-0ea2782a1b11
927,Timestamp outside last 30 days,MEDIUM,Timestamp issue,c1c608d7-37f2-43dd-8669-24c2f29f4349,7acb7b04-f20d-4585-90e5-de8ef3a72b0b
928,Timestamp outside last 30 days,MEDIUM,Timestamp issue,6cd4277d-9619-4622-be86-8143955be72d,7d75f6da-c30a-47cc-8cf6-abf4ff329b57
929,Timestamp outside last 30 days,MEDIUM,Timestamp issue,cc509547-bf48-475b-a3a1-99893e3898c1,5d533a38-beed-44b0-af58-e09468a135ee
930,Timestamp outside last 30 days,MEDIUM,Timestamp issue,393b13bc-57d3-4010-ac3a-073629a48fd9,4cb5a730-52c4-43ec-935b-2d3b0bfd57fc
931,Timestamp outside last 30 days,MEDIUM,Timestamp issue,6125d4de-f558-4257-8a7b-e53d5d3a5770,31c7a2c8-7f94-4ffb-b142-486eaf813eb7
932,Timestamp outside last 30 days,MEDIUM,Timestamp issue,e53aaf0a-6508-4e43-87e4-755dbbdb9917,1c56640b-c068-443f-99ee-d72b1336eb7a
933,Timestamp outside last 30 days,MEDIUM,Timestamp issue,58494193-dbd7-445a-a7bc-fc6f271eef12,7d19ef1c-a02f-4088-8edc-24341a46e604
934,Timestamp outside last 30 days,MEDIUM,Timestamp issue,c549bdd2-a4f7-4134-953a-b26ff4ce966a,7927f846-3ef7-4bc2-a70e-fa02288b33c8
935,Timestamp outside last 30 days,MEDIUM,Timestamp issue,f5d4ef18-1670-4f94-abe0-422ba7afba20,4dc32b0b-b2eb-4f66-b5a2-eea077563e48
936,Timestamp outside last 30 days,MEDIUM,Timestamp issue,1d272c90-6c10-4326-a410-78e1fd91c12e,ce98f6a0-cfca-46f2-8dbb-247996dcadda
937,Timestamp outside last 30 days,MEDIUM,Timestamp issue,c7d82ef7-3263-4392-8394-6b48b2e50be6,19856955-703e-484b-99d7-6080e3c41aa8
938,Timestamp outside last 30 days,MEDIUM,Timestamp issue,7eaca79a-c1cd-4020-a099-4d3404f719bc,d4f3fee8-8a04-4d33-9ae5-6410b3a14c42
939,Timestamp outside last 30 days,MEDIUM,Timestamp issue,c49d3b5d-1636-4988-a226-0e5e60b6717d,7927f846-3ef7-4bc2-a70e-fa02288b33c8
940,Timestamp outside last 30 days,MEDIUM,Timestamp issue,f4ec9d92-a63c-4452-b88e-a670c367bf30,45c1e6be-1632-4d42-82b5-ff3b3fd9b863
941,Timestamp outside last 30 days,MEDIUM,Timestamp issue,1a703587-afc5-4c74-b303-07d0b90904e1,10546214-6854-47d9-87b4-ef68f196ff5e
943,Timestamp outside last 30 days,MEDIUM,Timestamp issue,a6e65f79-d67d-4b49-b916-b6830def3b1f,5a0b4f48-9653-45b9-a7f7-ed353e18e1c9
944,Timestamp outside last 30 days,MEDIUM,Timestamp issue,9f9f1342-61e4-46c4-abbf-16f60a0361d8,02aa29e0-973d-451b-9a72-69906cd9fdc8
945,Timestamp outside last 30 days,MEDIUM,Timestamp issue,c0f18410-5cae-470a-b106-3bf5662c952d,aaf0335b-b865-4272-b80f-707e63520001
946,Timestamp outside last 30 days,MEDIUM,Timestamp issue,7638251e-ef5d-4303-9d53-ae0c78504d16,d4f3fee8-8a04-4d33-9ae5-6410b3a14c42
947,Timestamp outside last 30 days,MEDIUM,Timestamp issue,ae64ae37-cde0-4306-90cd-64faaad50677,26845409-3a21-4d0a-acb6-3181ce346624
948,Timestamp outside last 30 days,MEDIUM,Timestamp issue,51c68eaf-1496-4fed-8090-246138149b76,2c0b9fce-9dfc-4271-9be6-f4f7e5ad8a92
949,Timestamp outside last 30 days,MEDIUM,Timestamp issue,530ebd5d-95b0-4eb7-a39c-4263270c02ee,4f5d1ad8-1f5d-4a9f-89a2-7a037a7ccf48
950,Timestamp outside last 30 days,MEDIUM,Timestamp issue,8837aac7-5f31-45fc-bd27-bfc3cceeb708,5a0c94fe-d38d-42db-8596-33aea1720d8f
951,Timestamp outside last 30 days,MEDIUM,Timestamp issue,27ad9091-e24c-451c-8f15-e11cc414a64e,741c3404-9813-4d95-83bb-ad66a56bf881
952,Timestamp outside last 30 days,MEDIUM,Timestamp issue,2f3c31b5-ff55-4e53-bb20-f1bfaf1e7a67,7c33f83e-9b06-4cc2-a64c-912d8930fe9d
953,Timestamp outside last 30 days,MEDIUM,Timestamp issue,1f822f1f-6aff-4aef-924f-855c1aa44277,2f0b1436-8697-41f1-a288-c0d8fcb512e6
954,Timestamp outside last 30 days,MEDIUM,Timestamp issue,b3acd09e-47d7-4b56-b4cf-3439c784ce29,dd6868a5-a36f-446a-bc9d-6645756b9dae
955,Timestamp outside last 30 days,MEDIUM,Timestamp issue,1fc9eca3-83a3-43d5-a5a7-5d48df19b62b,aea9aefe-4e88-4ef8-9ac0-cd15a6682b70
956,Timestamp outside last 30 days,MEDIUM,Timestamp issue,2109eed6-6ec3-486e-b466-cd06f040cbe2,92ccad33-c36f-4221-a628-778bb14dc43c
957,Timestamp outside last 30 days,MEDIUM,Timestamp issue,0bc9796b-e4a4-4bab-995a-298e3367942a,96d1183c-089f-4ef9-92b9-3ba6ee9374c0
958,Timestamp outside last 30 days,MEDIUM,Timestamp issue,6c2bd50a-49e1-4879-8def-8a6e78a9767d,7c33f83e-9b06-4cc2-a64c-912d8930fe9d
959,Timestamp outside last 30 days,MEDIUM,Timestamp issue,48248fe3-573e-4b7f-abfc-a512a96c1ca9,1614da80-8c78-4c8f-a6d8-370872e71a04
960,Timestamp outside last 30 days,MEDIUM,Timestamp issue,4987e1a2-6e6c-4568-85f3-62611b627279,51a1519f-912f-4e30-82e1-69e7a17cbd2b
961,Timestamp outside last 30 days,MEDIUM,Timestamp issue,eb738ad1-cf94-4623-a8b2-831421adbcd9,a6994423-7ab7-43f6-b568-8ff4cc7cffd5
962,Timestamp outside last 30 days,MEDIUM,Timestamp issue,25c2d6e9-ddb6-42ef-80d1-520b8947804c,568977d1-d3ba-41d8-9a43-c24c542ff3b3
963,Timestamp outside last 30 days,MEDIUM,Timestamp issue,22e0dbde-a906-433c-84ab-8dcc06bc1cf1,d214a927-b70d-4ed7-97e9-fc9edeaf189b
964,Timestamp outside last 30 days,MEDIUM,Timestamp issue,a699c978-3cb0-4ccd-ba7b-7f322c12bd8f,4e4ee406-e49b-461a-bac7-ad0d93799348
965,Timestamp outside last 30 days,MEDIUM,Timestamp issue,365747ae-fa49-4721-bbc6-bedd42dd5f0c,4503bcf5-11d4-4534-b7a2-841c89fc84fd
966,Timestamp outside last 30 days,MEDIUM,Timestamp issue,3aacc134-39bb-4d3a-a545-7183b6912857,7ca57aee-4f80-4dea-8df7-bd9287d5d5be
967,Timestamp outside last 30 days,MEDIUM,Timestamp issue,38858e6d-e41e-407d-a469-040f74f93379,96d1183c-089f-4ef9-92b9-3ba6ee9374c0
968,Timestamp outside last 30 days,MEDIUM,Timestamp issue,92b8dd7b-ab6a-491f-ad3d-90a6af363d4b,bc1dd34e-e2b4-40a5-be33-17fcb448363d
969,Timestamp outside last 30 days,MEDIUM,Timestamp issue,28ee1e20-dbe9-48e5-8ab8-2d61eeefa894,152c2e68-eaf4-4848-a1db-0001dc4bb379
970,Timestamp outside last 30 days,MEDIUM,Timestamp issue,3ba51508-aafc-4005-a69e-1bbb490d3795,63004bce-5fee-42be-bc9c-6039e29d704a
971,Timestamp outside last 30 days,MEDIUM,Timestamp issue,0fc50e1a-da68-48b9-b60f-474850856ea0,21194207-c8aa-48b6-b518-a0b3ad98ad94
972,Timestamp outside last 30 days,MEDIUM,Timestamp issue,f66e6f2c-a6fe-42f0-83c4-08bd8733282b,bbe446d9-b2e1-4b26-8e7e-8353652941c8
973,Timestamp outside last 30 days,MEDIUM,Timestamp issue,a04ac400-cd62-489c-8c62-3737b4931d83,a27a7099-5570-4606-8b9d-9cb4bda2398b
974,Timestamp outside last 30 days,MEDIUM,Timestamp issue,e3bcdff3-a559-4bfb-a566-a5e823efafc3,a6994423-7ab7-43f6-b568-8ff4cc7cffd5
975,Timestamp outside last 30 days,MEDIUM,Timestamp issue,d921a225-d567-4882-9726-214504f8b057,1f2eae4b-d609-4d6d-aca7-1ac11f814278
976,Timestamp outside last 30 days,MEDIUM,Timestamp issue,61e8e302-9c2e-4626-b4d9-6f4ae703784c,5c7a0887-52db-4e93-ab86-4d6a8b257231
977,Timestamp outside last 30 days,MEDIUM,Timestamp issue,951331dd-e83a-4f45-98a4-dfb9ed25c0c6,7acb7b04-f20d-4585-90e5-de8ef3a72b0b
978,Timestamp outside last 30 days,MEDIUM,Timestamp issue,6e8cc1c2-370a-42d6-a49b-a18eb6eab574,102c0259-ea9d-4ab6-ad58-8805b452596b
979,Timestamp outside last 30 days,MEDIUM,Timestamp issue,baa407ea-1f12-48f5-802e-936e1b8f2701,eef168f7-52cf-4699-b2e5-8ffd974658eb
980,Timestamp outside last 30 days,MEDIUM,Timestamp issue,e45f2cd8-03d1-43a2-af7b-015be919402d,9a49b0fd-eaf1-46ff-aab6-7a15d82ee406
981,Timestamp outside last 30 days,MEDIUM,Timestamp issue,46b6dba3-6758-408d-a3f8-4d023eae8c0c,794edb86-ff35-466c-b46a-9cf864288de7
982,Timestamp outside last 30 days,MEDIUM,Timestamp issue,eec97a2a-89b7-433c-865a-e69e0ef9dff0,23b9f961-40ca-4840-adf0-00db656ee9e8
983,Timestamp outside last 30 days,MEDIUM,Timestamp issue,0408f2f7-bbb6-4bef-b30d-a3f2b1dbd2a0,cf2a0446-2c50-4fa5-bf3f-b23d98285c98
984,Timestamp outside last 30 days,MEDIUM,Timestamp issue,7deb3a08-6ab8-4e5c-bbcb-140e20d85e89,eef168f7-52cf-4699-b2e5-8ffd974658eb
985,Timestamp outside last 30 days,MEDIUM,Timestamp issue,d5529604-633e-48ca-8ccc-6c213671f17c,171923e7-bb5c-4723-9972-a2cdc04f06c8
986,Timestamp outside last 30 days,MEDIUM,Timestamp issue,d707f7ca-d8b6-4ba6-b136-f92b3ba25e87,1eae6dd7-614e-470d-93fc-c2cde255bde0
987,Timestamp outside last 30 days,MEDIUM,Timestamp issue,a41c97ec-113b-45a9-b8fa-26f072eb56ff,1614da80-8c78-4c8f-a6d8-370872e71a04
988,Timestamp outside last 30 days,MEDIUM,Timestamp issue,466051bc-f6f3-4bde-8c4a-3a41467689af,75d0ab67-11c0-4b00-be70-978f4e86b387
989,Timestamp outside last 30 days,MEDIUM,Timestamp issue,af15aca1-26b5-4b20-9ec2-9e64b31819d2,5528028b-7057-4a40-ba50-e829a6fd9b90
990,Timestamp outside last 30 days,MEDIUM,Timestamp issue,8834758f-41a9-401d-8e20-5e0997699893,a6f61ed8-5237-4fc1-b09d-4e38d3d66d1c
991,Timestamp outside last 30 days,MEDIUM,Timestamp issue,9c84afda-cd22-4213-8533-83ff2aaac38a,d03eca90-4f0f-45b0-a5ef-9ca18920d33b
992,Timestamp outside last 30 days,MEDIUM,Timestamp issue,f30162f8-4cbf-4a15-a8fd-4de54761853c,2afb967d-4875-4344-bdfd-2f18326c9810
993,Timestamp outside last 30 days,MEDIUM,Timestamp issue,0ceffe90-c8db-4b41-ace3-ecb1bf397424,47f50bcc-8964-4a33-8e25-e32b94dc2272
994,Timestamp outside last 30 days,MEDIUM,Timestamp issue,80427119-cab7-4e2c-b786-4d2f44ec0419,26845409-3a21-4d0a-acb6-3181ce346624
995,Timestamp outside last 30 days,MEDIUM,Timestamp issue,70d8af92-d97f-447d-8dca-e6b9f087e980,1d08fc7a-d7a4-4419-9b1a-ed7f0aec2eca
996,Timestamp outside last 30 days,MEDIUM,Timestamp issue,7758c3db-7c53-41a1-b7ec-074792ea2d53,568977d1-d3ba-41d8-9a43-c24c542ff3b3
997,Timestamp outside last 30 days,MEDIUM,Timestamp issue,b7ff8d94-76f8-4abf-9b35-039a951a6389,464e1243-5458-4fc8-8bba-7ee3515b0a17
998,Timestamp outside last 30 days,MEDIUM,Timestamp issue,e1de24eb-bd99-49e9-8655-7fc7b13f8832,1dad937b-39cd-4aca-8661-fe7b5d475433
999,Timestamp outside last 30 days,MEDIUM,Timestamp issue,a8736cac-824e-4b7e-8352-ae82083f930d,2095ca0a-3bd6-4fd1-826c-e574aa9bd37e
138,Negative duration_ms,HIGH,Invalid value,6d3c3973-9e7d-4069-89a3-fcbc8bb33d3f,b250c05f-3029-4ea6-91b7-7d351a98016f
230,Negative duration_ms,HIGH,Invalid value,de6dad98-c148-4a49-9795-0043fc067f93,a4864430-1d67-454e-af5a-f3ab3bbe7a5a
270,Negative duration_ms,HIGH,Invalid value,033de5e0-6871-4348-af06-7371a92e2027,5528028b-7057-4a40-ba50-e829a6fd9b90
312,Negative duration_ms,HIGH,Invalid value,e69a470b-a30f-43f1-afa6-d23dcdfe10d5,75d0ab67-11c0-4b00-be70-978f4e86b387
366,Negative duration_ms,HIGH,Invalid value,c6bf982e-fd5c-475f-955c-c3ecac6331b6,6f53c64a-91f6-41fe-bb63-40f6ba5597b6
394,Negative duration_ms,HIGH,Invalid value,dacbe3cc-970e-49a3-878d-3577b2111ceb,1ee37f06-5db0-4a54-838c-a5bec81f02f1
440,Negative duration_ms,HIGH,Invalid value,2e1dad4b-9bb2-4faa-afd8-ee034df21fd2,bda7b269-752d-41c7-acc2-9009284cf5ef
497,Negative duration_ms,HIGH,Invalid value,e8514985-871a-4f55-a4a6-b1c357f6a0a3,a27a7099-5570-4606-8b9d-9cb4bda2398b
523,Negative duration_ms,HIGH,Invalid value,ea38988d-5ad2-493e-9cf1-86c5f773546c,91ca5769-55df-4f3f-bf66-5ed1ebf0f5fe
538,Negative duration_ms,HIGH,Invalid value,6a606127-983c-46ad-9f8f-f318d646cb21,b250c05f-3029-4ea6-91b7-7d351a98016f
575,Negative duration_ms,HIGH,Invalid value,37387e90-30e2-4ebe-9c5b-1f25f49d06ef,3714ba6b-724a-441e-b685-6a547013bb6a
644,Negative duration_ms,HIGH,Invalid value,101ba94c-4839-49ce-8b31-f696bef6856f,4e4ee406-e49b-461a-bac7-ad0d93799348
717,Negative duration_ms,HIGH,Invalid value,d738bb5c-0ff8-4dfa-9ce2-fb6670771e0f,14b4eed2-73dc-47fc-901b-6956d12cbba2
850,Negative duration_ms,HIGH,Invalid value,e39f29c3-7dff-4fdd-95a5-3daeabe811f4,68997e53-25d0-4b47-9799-7b08da70b62c
911,Negative duration_ms,HIGH,Invalid value,d8342062-9e4e-4087-92a2-031a8642fda6,5c7a0887-52db-4e93-ab86-4d6a8b257231
926,Negative duration_ms,HIGH,Invalid value,5046954a-1e96-408b-8ea2-93389b4856e8,f3e2111e-ba82-4af6-a4ab-0ea2782a1b11
928,Negative duration_ms,HIGH,Invalid value,6cd4277d-9619-4622-be86-8143955be72d,7d75f6da-c30a-47cc-8cf6-abf4ff329b57
930,Negative duration_ms,HIGH,Invalid value,393b13bc-57d3-4010-ac3a-073629a48fd9,4cb5a730-52c4-43ec-935b-2d3b0bfd57fc
956,Negative duration_ms,HIGH,Invalid value,2109eed6-6ec3-486e-b466-cd06f040cbe2,92ccad33-c36f-4221-a628-778bb14dc43c
965,Negative duration_ms,HIGH,Invalid value,365747ae-fa49-4721-bbc6-bedd42dd5f0c,4503bcf5-11d4-4534-b7a2-841c89fc84fd
78,duration_ms should be null for start events,MEDIUM,Business rule issue,bb586c86-b2a1-42a2-91d4-771e2ce1147b,1c56640b-c068-443f-99ee-d72b1336eb7a
131,duration_ms should be null for start events,MEDIUM,Business rule issue,30a9de9c-9257-470d-9f7f-c48f8cd5426b,1614da80-8c78-4c8f-a6d8-370872e71a04
301,duration_ms should be null for start events,MEDIUM,Business rule issue,29d28a22-1247-4aeb-9f0f-9e4d3b999a82,2fea5df6-7445-47a1-b617-54e5c165da45
303,duration_ms should be null for start events,MEDIUM,Business rule issue,ff90ad4d-55fc-4057-9aca-e00ce0160d09,9c04ff50-1681-4994-b38e-0152a07589e7
318,duration_ms should be null for start events,MEDIUM,Business rule issue,ad355f6d-eaa5-4958-86e7-da1677aa03cf,d9991e15-37f6-4a7e-9d5c-ebecf8bece71
396,duration_ms should be null for start events,MEDIUM,Business rule issue,14a5e56d-8c0e-4b58-b575-6cb5e6897416,6f6bcf1a-807c-4326-9920-2a286288152b
681,duration_ms should be null for start events,MEDIUM,Business rule issue,4d497efd-15e5-40f2-bc3c-faa0afaddf07,6a02f8e2-ddb0-468b-92fa-abdeca96b274
866,duration_ms should be null for start events,MEDIUM,Business rule issue,ff79f9d9-78d2-48d3-8db9-22c67b3c81d6,741c3404-9813-4d95-83bb-ad66a56bf881
918,duration_ms should be null for start events,MEDIUM,Business rule issue,ce563ac2-dc75-4a53-abdc-48bd9e37268d,c330c03a-8b01-4db2-8082-427ce5e68857
16,Invalid error_code for error event,HIGH,Invalid value,df6972b5-d552-4935-8d33-92eafb0f89a5,06afc732-261f-42e9-b082-81626e6b23e3
517,Invalid error_code for error event,HIGH,Invalid value,42c071e1-d477-4f0a-929c-75dd0a1edede,7a244352-338d-4754-8754-0b6443ac7e14
639,Invalid error_code for error event,HIGH,Invalid value,866ae35e-8bc9-4963-8bbc-47234f53eb5f,dc72b723-076a-497e-a9c8-48e7b57e21cb
723,Invalid error_code for error event,HIGH,Invalid value,959f5021-cccf-44dd-a818-c7aa87847606,8497672d-8ca4-4a3b-a5ae-d5214c2cea56
779,Invalid error_code for error event,HIGH,Invalid value,56bed18f-ed68-4fd0-8ff3-544598731c73,ed36bcff-f626-4181-8400-c89021aa8770
824,Invalid error_code for error event,HIGH,Invalid value,e2bc4bb0-81e7-4b10-a4cd-a9c38317bbe1,d43cd6fe-dfe5-4cb7-893d-4ad9c29d21d0
855,Invalid error_code for error event,HIGH,Invalid value,4ece5925-68d8-40bd-8d1b-99ad5d11725a,21194207-c8aa-48b6-b518-a0b3ad98ad94
919,Invalid error_code for error event,HIGH,Invalid value,7d7e040e-87fe-4d6e-be5d-504b254c8068,771b2b82-37c5-4bf9-ab4e-cec62570edd6
131,error_code present for non-error event,MEDIUM,Business rule issue,30a9de9c-9257-470d-9f7f-c48f8cd5426b,1614da80-8c78-4c8f-a6d8-370872e71a04
143,error_code present for non-error event,MEDIUM,Business rule issue,60fb28ab-17ac-46c1-8556-57c0519864cf,14b4eed2-73dc-47fc-901b-6956d12cbba2
230,error_code present for non-error event,MEDIUM,Business rule issue,de6dad98-c148-4a49-9795-0043fc067f93,a4864430-1d67-454e-af5a-f3ab3bbe7a5a
270,error_code present for non-error event,MEDIUM,Business rule issue,033de5e0-6871-4348-af06-7371a92e2027,5528028b-7057-4a40-ba50-e829a6fd9b90
287,error_code present for non-error event,MEDIUM,Business rule issue,f9643434-ddb3-4d71-b0dd-66e4fada138a,a4864430-1d67-454e-af5a-f3ab3bbe7a5a
301,error_code present for non-error event,MEDIUM,Business rule issue,29d28a22-1247-4aeb-9f0f-9e4d3b999a82,2fea5df6-7445-47a1-b617-54e5c165da45
327,error_code present for non-error event,MEDIUM,Business rule issue,90bee0c8-8f5d-4d43-8d57-c2b35319bd6d,8b5b465f-d6b8-4fa4-9c76-ba312b31f31f
396,error_code present for non-error event,MEDIUM,Business rule issue,14a5e56d-8c0e-4b58-b575-6cb5e6897416,6f6bcf1a-807c-4326-9920-2a286288152b
644,error_code present for non-error event,MEDIUM,Business rule issue,101ba94c-4839-49ce-8b31-f696bef6856f,4e4ee406-e49b-461a-bac7-ad0d93799348
733,error_code present for non-error event,MEDIUM,Business rule issue,4239d20a-224b-4961-8643-4bef182fe286,e58ea62f-2814-4617-9770-659f8af90a01
740,error_code present for non-error event,MEDIUM,Business rule issue,e693759f-3fd4-4387-bce3-32f83b6a6607,741c3404-9813-4d95-83bb-ad66a56bf881
751,error_code present for non-error event,MEDIUM,Business rule issue,df379004-5c86-4c27-b845-de925aab5731,34e72600-df72-46c4-91b4-9a4a6bef0e35
798,error_code present for non-error event,MEDIUM,Business rule issue,7d2995c2-15d0-4b91-97bf-5ba43b2ca4b1,15e394fd-5fde-4286-91eb-0a67ca5d2ed5
850,error_code present for non-error event,MEDIUM,Business rule issue,e39f29c3-7dff-4fdd-95a5-3daeabe811f4,68997e53-25d0-4b47-9799-7b08da70b62c
918,error_code present for non-error event,MEDIUM,Business rule issue,ce563ac2-dc75-4a53-abdc-48bd9e37268d,c330c03a-8b01-4db2-8082-427ce5e68857
